Payment_ID,Rental_ID,Payment_Date,Amount,Payment_Method
5001,1001,2024-07-30 00:00:00,1223,Credit Card
5002,1002,2024-02-12 00:00:00,307,PayPal
5003,1003,2024-02-25 00:00:00,2219,Credit Card
5004,1004,2024-03-11 00:00:00,1881,PayPal
5005,1005,2024-01-21 00:00:00,2523,Cash
5006,1006,2024-06-19 00:00:00,1393,Credit Card
5007,1007,2024-01-25 00:00:00,787,Bank Transfer
5008,1008,2024-09-12 00:00:00,1129,PayPal
5009,1009,2024-08-31 00:00:00,676,PayPal
5010,1010,2024-09-21 00:00:00,2529,Bank Transfer
5011,1011,2024-09-17 00:00:00,729,Bank Transfer
5012,1012,2024-05-07 00:00:00,917,PayPal
5013,1013,2024-08-18 00:00:00,755,PayPal
5014,1014,2024-11-25 00:00:00,943,Bank Transfer
5015,1015,2024-02-08 00:00:00,2845,Cash
5016,1016,2024-08-02 00:00:00,1752,Cash
5017,1017,2024-08-24 00:00:00,2732,Credit Card
5018,1018,2024-12-04 00:00:00,1532,PayPal
5019,1019,2024-11-02 00:00:00,2601,PayPal
5020,1020,2024-02-27 00:00:00,1454,Credit Card
5021,1021,2024-12-13 00:00:00,1227,Credit Card
5022,1022,2024-10-16 00:00:00,2794,PayPal
5023,1023,2024-01-25 00:00:00,1777,Credit Card
5024,1024,2024-03-09 00:00:00,1725,Bank Transfer
5025,1025,2024-07-24 00:00:00,1567,Credit Card
5026,1026,2024-06-21 00:00:00,1142,PayPal
5027,1027,2024-09-28 00:00:00,2951,Credit Card
5028,1028,2024-01-22 00:00:00,2753,PayPal
5029,1029,2024-05-23 00:00:00,1220,Cash
5030,1030,2024-11-24 00:00:00,1652,Credit Card
5031,1031,2024-08-10 00:00:00,1931,PayPal
5032,1032,2024-05-05 00:00:00,2259,PayPal
5033,1033,2024-11-06 00:00:00,667,Bank Transfer
5034,1034,2024-05-14 00:00:00,2382,Bank Transfer
5035,1035,2024-05-31 00:00:00,818,Credit Card
5036,1036,2024-04-30 00:00:00,1966,PayPal
5037,1037,2024-04-14 00:00:00,420,Bank Transfer
5038,1038,2024-07-27 00:00:00,853,PayPal
5039,1039,2024-10-29 00:00:00,1762,Cash
5040,1040,2024-11-22 00:00:00,2120,Cash
5041,1041,2024-11-25 00:00:00,577,Credit Card
5042,1042,2024-03-29 00:00:00,1363,Bank Transfer
5043,1043,2024-11-16 00:00:00,1257,Credit Card
5044,1044,2024-09-08 00:00:00,2847,PayPal
5045,1045,2024-07-12 00:00:00,1190,Credit Card
5046,1046,2024-09-01 00:00:00,2747,Credit Card
5047,1047,2024-05-05 00:00:00,2673,Cash
5048,1048,2024-11-17 00:00:00,845,PayPal
5049,1049,2024-01-17 00:00:00,1909,Credit Card
5050,1050,2024-01-11 00:00:00,1525,Credit Card
5051,1051,2024-01-06 00:00:00,1035,PayPal
5052,1052,2024-06-01 00:00:00,2077,Credit Card
5053,1053,2024-11-30 00:00:00,1087,Credit Card
5054,1054,2024-08-21 00:00:00,2536,PayPal
5055,1055,2024-02-14 00:00:00,1642,Cash
5056,1056,2024-08-12 00:00:00,2676,PayPal
5057,1057,2024-08-26 00:00:00,1965,Credit Card
5058,1058,2024-02-17 00:00:00,2933,Credit Card
5059,1059,2024-06-11 00:00:00,2206,Credit Card
5060,1060,2024-08-23 00:00:00,2083,PayPal
5061,1061,2024-02-24 00:00:00,998,PayPal
5062,1062,2024-07-05 00:00:00,452,Cash
5063,1063,2024-12-18 00:00:00,1372,Credit Card
5064,1064,2024-05-08 00:00:00,2826,PayPal
5065,1065,2024-02-17 00:00:00,890,PayPal
5066,1066,2024-01-26 00:00:00,2751,Bank Transfer
5067,1067,2024-06-17 00:00:00,921,Credit Card
5068,1068,2024-01-03 00:00:00,1946,Cash
5069,1069,2024-09-16 00:00:00,2679,Credit Card
5070,1070,2024-10-09 00:00:00,2602,Credit Card
5071,1071,2024-04-26 00:00:00,1628,PayPal
5072,1072,2024-03-27 00:00:00,2946,Credit Card
5073,1073,2024-06-13 00:00:00,969,Bank Transfer
5074,1074,2024-07-03 00:00:00,2242,Bank Transfer
5075,1075,2024-06-15 00:00:00,2960,Bank Transfer
5076,1076,2024-06-18 00:00:00,2096,Bank Transfer
5077,1077,2024-05-08 00:00:00,1971,Credit Card
5078,1078,2024-01-27 00:00:00,1789,Credit Card
5079,1079,2024-06-04 00:00:00,822,Credit Card
5080,1080,2024-03-22 00:00:00,669,Bank Transfer
5081,1081,2024-01-24 00:00:00,2101,Cash
5082,1082,2024-09-21 00:00:00,1502,Credit Card
5083,1083,2024-04-19 00:00:00,1174,Credit Card
5084,1084,2024-07-04 00:00:00,1660,PayPal
5085,1085,2024-12-17 00:00:00,437,Credit Card
5086,1086,2024-12-08 00:00:00,329,Bank Transfer
5087,1087,2024-07-16 00:00:00,1349,Bank Transfer
5088,1088,2024-01-20 00:00:00,2766,Bank Transfer
5089,1089,2024-05-14 00:00:00,1262,PayPal
5090,1090,2024-04-29 00:00:00,2509,Credit Card
5091,1091,2024-01-21 00:00:00,1808,PayPal
5092,1092,2024-06-26 00:00:00,2159,Credit Card
5093,1093,2024-01-27 00:00:00,2377,Credit Card
5094,1094,2024-01-26 00:00:00,857,Bank Transfer
5095,1095,2024-05-20 00:00:00,2065,Cash
5096,1096,2024-01-27 00:00:00,1504,Cash
5097,1097,2024-06-21 00:00:00,473,Cash
5098,1098,2024-01-03 00:00:00,1880,Credit Card
5099,1099,2024-12-06 00:00:00,1157,Bank Transfer
5100,1100,2024-09-02 00:00:00,2759,Cash
5101,1101,2024-11-13 00:00:00,2544,Credit Card
5102,1102,2024-06-10 00:00:00,741,Bank Transfer
5103,1103,2024-09-15 00:00:00,2920,PayPal
5104,1104,2024-11-23 00:00:00,1413,PayPal
5105,1105,2024-02-20 00:00:00,2476,PayPal
5106,1106,2024-04-11 00:00:00,1764,Credit Card
5107,1107,2024-11-18 00:00:00,1783,PayPal
5108,1108,2024-01-13 00:00:00,990,PayPal
5109,1109,2024-09-22 00:00:00,1415,Bank Transfer
5110,1110,2024-05-29 00:00:00,1810,PayPal
5111,1111,2024-05-08 00:00:00,556,Credit Card
5112,1112,2024-11-28 00:00:00,1195,PayPal
5113,1113,2024-04-26 00:00:00,1410,Bank Transfer
5114,1114,2024-01-18 00:00:00,809,Cash
5115,1115,2024-10-27 00:00:00,573,Bank Transfer
5116,1116,2024-10-07 00:00:00,947,PayPal
5117,1117,2024-11-28 00:00:00,766,PayPal
5118,1118,2024-05-05 00:00:00,784,Bank Transfer
5119,1119,2024-03-09 00:00:00,1833,Bank Transfer
5120,1120,2024-09-01 00:00:00,1884,Credit Card
5121,1121,2024-06-19 00:00:00,1403,Bank Transfer
5122,1122,2024-11-13 00:00:00,508,Bank Transfer
5123,1123,2024-07-29 00:00:00,1528,PayPal
5124,1124,2024-01-03 00:00:00,2736,PayPal
5125,1125,2024-03-21 00:00:00,1504,Credit Card
5126,1126,2024-01-22 00:00:00,1124,PayPal
5127,1127,2024-07-11 00:00:00,2645,PayPal
5128,1128,2024-08-22 00:00:00,453,Bank Transfer
5129,1129,2024-12-18 00:00:00,471,Credit Card
5130,1130,2024-01-01 00:00:00,554,Credit Card
5131,1131,2024-07-05 00:00:00,1154,Credit Card
5132,1132,2024-07-05 00:00:00,2232,Credit Card
5133,1133,2024-12-07 00:00:00,990,Bank Transfer
5134,1134,2024-02-28 00:00:00,877,Bank Transfer
5135,1135,2024-11-13 00:00:00,2290,Credit Card
5136,1136,2024-11-27 00:00:00,2531,Credit Card
5137,1137,2024-04-19 00:00:00,2417,PayPal
5138,1138,2024-02-12 00:00:00,1304,Credit Card
5139,1139,2024-01-23 00:00:00,2057,PayPal
5140,1140,2024-02-19 00:00:00,1921,PayPal
5141,1141,2024-12-07 00:00:00,2250,Credit Card
5142,1142,2024-05-20 00:00:00,2222,Credit Card
5143,1143,2024-04-23 00:00:00,1367,Cash
5144,1144,2024-12-05 00:00:00,1816,PayPal
5145,1145,2024-01-24 00:00:00,2689,Credit Card
5146,1146,2024-12-18 00:00:00,563,Bank Transfer
5147,1147,2024-01-27 00:00:00,2696,PayPal
5148,1148,2024-08-18 00:00:00,874,Credit Card
5149,1149,2024-08-20 00:00:00,2937,Credit Card
5150,1150,2024-07-17 00:00:00,1920,Credit Card
5151,1151,2024-04-28 00:00:00,2146,Credit Card
5152,1152,2024-08-26 00:00:00,2483,PayPal
5153,1153,2024-11-01 00:00:00,2352,Credit Card
5154,1154,2024-03-24 00:00:00,2135,Credit Card
5155,1155,2024-07-29 00:00:00,1986,Credit Card
5156,1156,2024-10-23 00:00:00,2310,Bank Transfer
5157,1157,2024-09-12 00:00:00,2150,Bank Transfer
5158,1158,2024-10-04 00:00:00,1556,Credit Card
5159,1159,2024-03-20 00:00:00,2705,PayPal
5160,1160,2024-10-12 00:00:00,2086,Credit Card
5161,1161,2024-06-25 00:00:00,2007,Credit Card
5162,1162,2024-03-25 00:00:00,2873,PayPal
5163,1163,2024-03-05 00:00:00,2043,Bank Transfer
5164,1164,2024-03-21 00:00:00,849,Cash
5165,1165,2024-05-20 00:00:00,2517,Bank Transfer
5166,1166,2024-10-22 00:00:00,1579,PayPal
5167,1167,2024-11-07 00:00:00,1122,PayPal
5168,1168,2024-07-07 00:00:00,2794,Credit Card
5169,1169,2024-07-01 00:00:00,711,PayPal
5170,1170,2024-11-12 00:00:00,539,PayPal
5171,1171,2024-12-14 00:00:00,606,Credit Card
5172,1172,2024-12-05 00:00:00,535,Credit Card
5173,1173,2024-01-01 00:00:00,2625,Credit Card
5174,1174,2024-10-04 00:00:00,921,Credit Card
5175,1175,2024-08-13 00:00:00,2702,Bank Transfer
5176,1176,2024-05-15 00:00:00,702,PayPal
5177,1177,2024-10-11 00:00:00,1326,Credit Card
5178,1178,2024-05-11 00:00:00,2183,PayPal
5179,1179,2024-12-12 00:00:00,542,PayPal
5180,1180,2024-08-06 00:00:00,920,Bank Transfer
5181,1181,2024-12-14 00:00:00,725,PayPal
5182,1182,2024-01-21 00:00:00,2585,Credit Card
5183,1183,2024-07-26 00:00:00,1891,Cash
5184,1184,2024-05-18 00:00:00,1662,PayPal
5185,1185,2024-08-09 00:00:00,2967,PayPal
5186,1186,2024-08-11 00:00:00,2871,Credit Card
5187,1187,2024-04-29 00:00:00,2233,PayPal
5188,1188,2024-05-11 00:00:00,777,Bank Transfer
5189,1189,2024-10-30 00:00:00,1561,Bank Transfer
5190,1190,2024-10-29 00:00:00,1742,PayPal
5191,1191,2024-02-22 00:00:00,2413,Credit Card
5192,1192,2024-03-27 00:00:00,1482,Credit Card
5193,1193,2024-11-13 00:00:00,850,Credit Card
5194,1194,2024-02-14 00:00:00,1688,Credit Card
5195,1195,2024-07-15 00:00:00,2383,PayPal
5196,1196,2024-05-27 00:00:00,528,Bank Transfer
5197,1197,2024-06-28 00:00:00,1199,PayPal
5198,1198,2024-04-12 00:00:00,1665,Credit Card
5199,1199,2024-04-02 00:00:00,1695,Cash
5200,1200,2024-08-10 00:00:00,2528,Cash
5201,1201,2024-10-22 00:00:00,824,Credit Card
5202,1202,2024-11-03 00:00:00,316,Credit Card
5203,1203,2024-08-14 00:00:00,2300,Credit Card
5204,1204,2024-04-01 00:00:00,2890,Bank Transfer
5205,1205,2024-06-22 00:00:00,2355,Bank Transfer
5206,1206,2024-08-27 00:00:00,2385,Credit Card
5207,1207,2024-12-16 00:00:00,2664,Credit Card
5208,1208,2024-11-06 00:00:00,467,PayPal
5209,1209,2024-06-28 00:00:00,1314,PayPal
5210,1210,2024-02-05 00:00:00,1106,Credit Card
5211,1211,2024-04-08 00:00:00,1246,Bank Transfer
5212,1212,2024-05-03 00:00:00,702,Cash
5213,1213,2024-03-20 00:00:00,1804,Credit Card
5214,1214,2024-05-03 00:00:00,1482,Bank Transfer
5215,1215,2024-04-24 00:00:00,1798,PayPal
5216,1216,2024-02-12 00:00:00,873,PayPal
5217,1217,2024-08-01 00:00:00,484,Cash
5218,1218,2024-04-11 00:00:00,573,PayPal
5219,1219,2024-10-21 00:00:00,2500,Credit Card
5220,1220,2024-10-08 00:00:00,1317,Bank Transfer
5221,1221,2024-06-10 00:00:00,1700,Credit Card
5222,1222,2024-08-28 00:00:00,868,Bank Transfer
5223,1223,2024-10-15 00:00:00,2092,Credit Card
5224,1224,2024-01-21 00:00:00,1292,Credit Card
5225,1225,2024-06-02 00:00:00,2040,PayPal
5226,1226,2024-09-05 00:00:00,2435,Cash
5227,1227,2024-11-21 00:00:00,1110,PayPal
5228,1228,2024-02-03 00:00:00,1261,Credit Card
5229,1229,2024-02-03 00:00:00,1634,Bank Transfer
5230,1230,2024-10-26 00:00:00,1033,Credit Card
5231,1231,2024-11-30 00:00:00,353,Credit Card
5232,1232,2024-04-27 00:00:00,952,Bank Transfer
5233,1233,2024-09-01 00:00:00,1434,Credit Card
5234,1234,2024-05-04 00:00:00,1519,Credit Card
5235,1235,2024-12-01 00:00:00,1545,PayPal
5236,1236,2024-07-15 00:00:00,1601,Bank Transfer
5237,1237,2024-07-10 00:00:00,1805,PayPal
5238,1238,2024-03-26 00:00:00,2573,Credit Card
5239,1239,2024-03-14 00:00:00,1866,PayPal
5240,1240,2024-05-05 00:00:00,1089,Cash
5241,1241,2024-09-05 00:00:00,2289,Bank Transfer
5242,1242,2024-11-26 00:00:00,1515,Cash
5243,1243,2024-07-11 00:00:00,2204,Bank Transfer
5244,1244,2024-09-30 00:00:00,304,Credit Card
5245,1245,2024-03-15 00:00:00,887,PayPal
5246,1246,2024-12-08 00:00:00,2219,Credit Card
5247,1247,2024-01-11 00:00:00,2720,Cash
5248,1248,2024-03-19 00:00:00,2112,PayPal
5249,1249,2024-04-18 00:00:00,944,Credit Card
5250,1250,2024-05-13 00:00:00,688,Credit Card
5251,1251,2024-09-05 00:00:00,2289,Cash
5252,1252,2024-01-28 00:00:00,1170,Bank Transfer
5253,1253,2024-07-22 00:00:00,443,Bank Transfer
5254,1254,2024-08-09 00:00:00,2854,PayPal
5255,1255,2024-09-26 00:00:00,394,PayPal
5256,1256,2024-01-11 00:00:00,1538,Credit Card
5257,1257,2024-03-14 00:00:00,2950,PayPal
5258,1258,2024-08-21 00:00:00,2661,PayPal
5259,1259,2024-06-06 00:00:00,1404,Bank Transfer
5260,1260,2024-08-04 00:00:00,2171,Bank Transfer
5261,1261,2024-12-09 00:00:00,1112,PayPal
5262,1262,2024-09-13 00:00:00,1572,Credit Card
5263,1263,2024-06-09 00:00:00,1316,Credit Card
5264,1264,2024-10-26 00:00:00,597,PayPal
5265,1265,2024-10-18 00:00:00,2333,PayPal
5266,1266,2024-08-07 00:00:00,2038,PayPal
5267,1267,2024-02-22 00:00:00,1073,PayPal
5268,1268,2024-07-07 00:00:00,841,Credit Card
5269,1269,2024-04-27 00:00:00,770,Bank Transfer
5270,1270,2024-09-05 00:00:00,2060,Cash
5271,1271,2024-10-24 00:00:00,1696,PayPal
5272,1272,2024-04-24 00:00:00,1887,Cash
5273,1273,2024-09-15 00:00:00,1450,Bank Transfer
5274,1274,2024-01-30 00:00:00,1441,Credit Card
5275,1275,2024-11-27 00:00:00,907,PayPal
5276,1276,2024-10-12 00:00:00,2730,Credit Card
5277,1277,2024-02-26 00:00:00,1264,Cash
5278,1278,2024-07-18 00:00:00,1877,PayPal
5279,1279,2024-04-06 00:00:00,1891,PayPal
5280,1280,2024-07-24 00:00:00,2381,Credit Card
5281,1281,2024-02-10 00:00:00,911,Credit Card
5282,1282,2024-12-11 00:00:00,1581,PayPal
5283,1283,2024-04-04 00:00:00,434,Cash
5284,1284,2024-12-05 00:00:00,654,Credit Card
5285,1285,2024-11-07 00:00:00,2422,Credit Card
5286,1286,2024-03-13 00:00:00,1661,Credit Card
5287,1287,2024-06-02 00:00:00,680,PayPal
5288,1288,2024-07-10 00:00:00,1795,Credit Card
5289,1289,2024-10-02 00:00:00,1997,PayPal
5290,1290,2024-12-01 00:00:00,643,Credit Card
5291,1291,2024-09-04 00:00:00,735,Credit Card
5292,1292,2024-10-02 00:00:00,2704,Bank Transfer
5293,1293,2024-06-29 00:00:00,1396,PayPal
5294,1294,2024-12-13 00:00:00,2857,Credit Card
5295,1295,2024-01-23 00:00:00,1980,Bank Transfer
5296,1296,2024-07-04 00:00:00,2601,Bank Transfer
5297,1297,2024-04-19 00:00:00,1848,Credit Card
5298,1298,2024-06-24 00:00:00,1388,PayPal
5299,1299,2024-02-19 00:00:00,2510,Credit Card
5300,1300,2024-03-16 00:00:00,1674,Credit Card
5301,1301,2024-06-11 00:00:00,2313,Credit Card
5302,1302,2024-02-28 00:00:00,2121,Credit Card
5303,1303,2024-05-20 00:00:00,330,PayPal
5304,1304,2024-09-21 00:00:00,644,Cash
5305,1305,2024-05-13 00:00:00,1676,PayPal
5306,1306,2024-06-20 00:00:00,1588,Cash
5307,1307,2024-07-28 00:00:00,1930,PayPal
5308,1308,2024-07-05 00:00:00,2482,Credit Card
5309,1309,2024-04-18 00:00:00,1401,Credit Card
5310,1310,2024-09-16 00:00:00,2417,Bank Transfer
5311,1311,2024-07-15 00:00:00,1704,Credit Card
5312,1312,2024-03-06 00:00:00,483,Cash
5313,1313,2024-06-12 00:00:00,1484,Credit Card
5314,1314,2024-02-09 00:00:00,2443,Credit Card
5315,1315,2024-05-14 00:00:00,1743,Bank Transfer
5316,1316,2024-02-29 00:00:00,1998,Credit Card
5317,1317,2024-04-11 00:00:00,1858,Credit Card
5318,1318,2024-01-18 00:00:00,793,Credit Card
5319,1319,2024-10-16 00:00:00,2787,Credit Card
5320,1320,2024-03-02 00:00:00,2209,PayPal
5321,1321,2024-02-09 00:00:00,792,PayPal
5322,1322,2024-02-21 00:00:00,1712,Credit Card
5323,1323,2024-12-19 00:00:00,1341,Bank Transfer
5324,1324,2024-05-12 00:00:00,2680,Bank Transfer
5325,1325,2024-05-30 00:00:00,1430,Credit Card
5326,1326,2024-03-13 00:00:00,902,Credit Card
5327,1327,2024-11-07 00:00:00,1215,Credit Card
5328,1328,2024-10-07 00:00:00,1103,Cash
5329,1329,2024-05-29 00:00:00,638,Bank Transfer
5330,1330,2024-07-09 00:00:00,2290,Cash
5331,1331,2024-12-14 00:00:00,1919,Credit Card
5332,1332,2024-12-13 00:00:00,1704,PayPal
5333,1333,2024-06-23 00:00:00,1909,PayPal
5334,1334,2024-07-04 00:00:00,2657,PayPal
5335,1335,2024-12-15 00:00:00,1751,Credit Card
5336,1336,2024-03-08 00:00:00,461,Credit Card
5337,1337,2024-04-02 00:00:00,1101,Credit Card
5338,1338,2024-09-29 00:00:00,1176,Cash
5339,1339,2024-10-11 00:00:00,2235,Bank Transfer
5340,1340,2024-04-30 00:00:00,1540,Credit Card
5341,1341,2024-01-21 00:00:00,2913,Bank Transfer
5342,1342,2024-07-12 00:00:00,2165,Bank Transfer
5343,1343,2024-01-01 00:00:00,2428,Cash
5344,1344,2024-04-04 00:00:00,2769,Credit Card
5345,1345,2024-02-29 00:00:00,1202,Credit Card
5346,1346,2024-10-13 00:00:00,2592,Credit Card
5347,1347,2024-03-12 00:00:00,1455,Bank Transfer
5348,1348,2024-08-10 00:00:00,1776,Cash
5349,1349,2024-03-28 00:00:00,1321,Credit Card
5350,1350,2024-04-16 00:00:00,1478,Cash
5351,1351,2024-05-09 00:00:00,2373,PayPal
5352,1352,2024-01-12 00:00:00,1819,Credit Card
5353,1353,2024-11-26 00:00:00,1263,Bank Transfer
5354,1354,2024-01-22 00:00:00,369,Credit Card
5355,1355,2024-05-07 00:00:00,1416,Bank Transfer
5356,1356,2024-10-11 00:00:00,642,Cash
5357,1357,2024-07-19 00:00:00,2512,PayPal
5358,1358,2024-10-08 00:00:00,1616,PayPal
5359,1359,2024-07-08 00:00:00,573,Bank Transfer
5360,1360,2024-04-10 00:00:00,2074,Bank Transfer
5361,1361,2024-04-05 00:00:00,1177,Credit Card
5362,1362,2024-10-21 00:00:00,1509,Bank Transfer
5363,1363,2024-06-30 00:00:00,2199,PayPal
5364,1364,2024-01-31 00:00:00,420,PayPal
5365,1365,2024-12-07 00:00:00,1435,PayPal
5366,1366,2024-02-22 00:00:00,1336,PayPal
5367,1367,2024-11-12 00:00:00,2703,Credit Card
5368,1368,2024-07-29 00:00:00,2815,Bank Transfer
5369,1369,2024-06-12 00:00:00,1993,Credit Card
5370,1370,2024-01-06 00:00:00,1626,PayPal
5371,1371,2024-02-14 00:00:00,1929,Credit Card
5372,1372,2024-06-08 00:00:00,865,Bank Transfer
5373,1373,2024-01-18 00:00:00,854,Credit Card
5374,1374,2024-07-07 00:00:00,1837,Bank Transfer
5375,1375,2024-11-28 00:00:00,1920,Credit Card
5376,1376,2024-04-09 00:00:00,2831,Cash
5377,1377,2024-09-29 00:00:00,1920,Bank Transfer
5378,1378,2024-07-27 00:00:00,1595,PayPal
5379,1379,2024-01-21 00:00:00,1510,PayPal
5380,1380,2024-02-12 00:00:00,1437,PayPal
5381,1381,2024-11-25 00:00:00,1903,PayPal
5382,1382,2024-01-03 00:00:00,1569,Credit Card
5383,1383,2024-09-08 00:00:00,2223,PayPal
5384,1384,2024-08-06 00:00:00,2980,Bank Transfer
5385,1385,2024-04-04 00:00:00,1666,PayPal
5386,1386,2024-10-13 00:00:00,903,Credit Card
5387,1387,2024-06-15 00:00:00,1713,Cash
5388,1388,2024-04-14 00:00:00,744,Credit Card
5389,1389,2024-07-14 00:00:00,2395,PayPal
5390,1390,2024-02-05 00:00:00,442,Credit Card
5391,1391,2024-01-07 00:00:00,1746,Credit Card
5392,1392,2024-03-20 00:00:00,1157,Credit Card
5393,1393,2024-12-03 00:00:00,2420,Credit Card
5394,1394,2024-02-12 00:00:00,2443,Credit Card
5395,1395,2024-04-02 00:00:00,1086,Bank Transfer
5396,1396,2024-06-04 00:00:00,2806,Bank Transfer
5397,1397,2024-09-13 00:00:00,372,PayPal
5398,1398,2024-10-17 00:00:00,1822,PayPal
5399,1399,2024-04-09 00:00:00,2728,PayPal
5400,1400,2024-07-19 00:00:00,2156,Bank Transfer
5401,1401,2024-04-26 00:00:00,2899,Credit Card
5402,1402,2024-05-07 00:00:00,2973,PayPal
5403,1403,2024-08-07 00:00:00,893,PayPal
5404,1404,2024-01-23 00:00:00,2624,Bank Transfer
5405,1405,2024-03-27 00:00:00,506,PayPal
5406,1406,2024-11-30 00:00:00,2487,Cash
5407,1407,2024-07-08 00:00:00,455,Credit Card
5408,1408,2024-07-25 00:00:00,322,Credit Card
5409,1409,2024-09-02 00:00:00,817,Credit Card
5410,1410,2024-11-17 00:00:00,311,Cash
5411,1411,2024-03-25 00:00:00,534,PayPal
5412,1412,2024-12-01 00:00:00,1559,PayPal
5413,1413,2024-10-26 00:00:00,2746,Cash
5414,1414,2024-05-21 00:00:00,795,Credit Card
5415,1415,2024-03-27 00:00:00,1502,Credit Card
5416,1416,2024-09-26 00:00:00,1458,Bank Transfer
5417,1417,2024-10-18 00:00:00,605,Bank Transfer
5418,1418,2024-07-12 00:00:00,1574,Credit Card
5419,1419,2024-04-30 00:00:00,1398,Bank Transfer
5420,1420,2024-04-07 00:00:00,544,Credit Card
5421,1421,2024-08-03 00:00:00,1053,PayPal
5422,1422,2024-03-26 00:00:00,1567,PayPal
5423,1423,2024-02-10 00:00:00,875,Bank Transfer
5424,1424,2024-08-06 00:00:00,865,Bank Transfer
5425,1425,2024-04-21 00:00:00,866,Bank Transfer
5426,1426,2024-05-16 00:00:00,1808,Credit Card
5427,1427,2024-12-13 00:00:00,438,Credit Card
5428,1428,2024-09-03 00:00:00,2406,Credit Card
5429,1429,2024-05-11 00:00:00,2187,PayPal
5430,1430,2024-09-08 00:00:00,2983,Credit Card
5431,1431,2024-04-07 00:00:00,1765,Credit Card
5432,1432,2024-12-11 00:00:00,2956,PayPal
5433,1433,2024-02-08 00:00:00,1932,PayPal
5434,1434,2024-01-13 00:00:00,840,Cash
5435,1435,2024-06-30 00:00:00,1417,PayPal
5436,1436,2024-06-04 00:00:00,782,Credit Card
5437,1437,2024-08-25 00:00:00,2611,Cash
5438,1438,2024-10-27 00:00:00,2595,Credit Card
5439,1439,2024-10-10 00:00:00,2973,Credit Card
5440,1440,2024-05-23 00:00:00,1249,PayPal
5441,1441,2024-03-24 00:00:00,1338,Bank Transfer
5442,1442,2024-02-11 00:00:00,931,Credit Card
5443,1443,2024-02-01 00:00:00,587,PayPal
5444,1444,2024-04-12 00:00:00,2688,Credit Card
5445,1445,2024-10-21 00:00:00,2123,Credit Card
5446,1446,2024-10-25 00:00:00,2486,Credit Card
5447,1447,2024-12-18 00:00:00,2029,PayPal
5448,1448,2024-11-20 00:00:00,1173,PayPal
5449,1449,2024-10-09 00:00:00,814,PayPal
5450,1450,2024-05-21 00:00:00,2090,PayPal
5451,1451,2024-12-03 00:00:00,467,PayPal
5452,1452,2024-07-29 00:00:00,2156,Credit Card
5453,1453,2024-02-05 00:00:00,1761,Credit Card
5454,1454,2024-01-17 00:00:00,1247,PayPal
5455,1455,2024-10-22 00:00:00,597,PayPal
5456,1456,2024-06-01 00:00:00,2142,Credit Card
5457,1457,2024-08-01 00:00:00,844,Cash
5458,1458,2024-08-11 00:00:00,2018,Credit Card
5459,1459,2024-11-02 00:00:00,2277,Credit Card
5460,1460,2024-04-22 00:00:00,340,Credit Card
5461,1461,2024-02-21 00:00:00,764,PayPal
5462,1462,2024-01-29 00:00:00,2664,Bank Transfer
5463,1463,2024-01-27 00:00:00,403,Cash
5464,1464,2024-08-04 00:00:00,1938,Credit Card
5465,1465,2024-09-13 00:00:00,1013,Credit Card
5466,1466,2024-07-18 00:00:00,1070,Credit Card
5467,1467,2024-09-25 00:00:00,2600,Bank Transfer
5468,1468,2024-06-15 00:00:00,397,Credit Card
5469,1469,2024-08-09 00:00:00,1031,Cash
5470,1470,2024-09-23 00:00:00,1946,PayPal
5471,1471,2024-10-25 00:00:00,796,PayPal
5472,1472,2024-06-14 00:00:00,1875,Credit Card
5473,1473,2024-08-07 00:00:00,987,Bank Transfer
5474,1474,2024-06-26 00:00:00,1166,PayPal
5475,1475,2024-02-13 00:00:00,1194,Cash
5476,1476,2024-02-02 00:00:00,1965,Credit Card
5477,1477,2024-05-13 00:00:00,2736,Credit Card
5478,1478,2024-09-04 00:00:00,1112,Credit Card
5479,1479,2024-03-04 00:00:00,2573,Credit Card
5480,1480,2024-09-18 00:00:00,1588,Bank Transfer
5481,1481,2024-01-19 00:00:00,958,PayPal
5482,1482,2024-10-08 00:00:00,1967,PayPal
5483,1483,2024-12-07 00:00:00,1732,Credit Card
5484,1484,2024-01-22 00:00:00,2825,Credit Card
5485,1485,2024-07-20 00:00:00,1762,Credit Card
5486,1486,2024-06-06 00:00:00,1702,Credit Card
5487,1487,2024-11-05 00:00:00,658,Credit Card
5488,1488,2024-06-24 00:00:00,892,Credit Card
5489,1489,2024-05-21 00:00:00,1818,Cash
5490,1490,2024-03-11 00:00:00,557,Bank Transfer
5491,1491,2024-11-09 00:00:00,2877,Bank Transfer
5492,1492,2024-01-01 00:00:00,1283,PayPal
5493,1493,2024-02-05 00:00:00,1380,Cash
5494,1494,2024-02-28 00:00:00,2121,Bank Transfer
5495,1495,2024-03-25 00:00:00,380,Credit Card
5496,1496,2024-04-22 00:00:00,768,PayPal
5497,1497,2024-01-26 00:00:00,2878,PayPal
5498,1498,2024-04-28 00:00:00,844,Credit Card
5499,1499,2024-02-11 00:00:00,997,Credit Card
5500,1500,2024-01-24 00:00:00,2658,PayPal
5501,1501,2024-05-28 00:00:00,1210,Bank Transfer
5502,1502,2024-01-05 00:00:00,1905,Credit Card
5503,1503,2024-06-08 00:00:00,1713,Cash
5504,1504,2024-09-01 00:00:00,718,Bank Transfer
5505,1505,2024-02-12 00:00:00,1394,Credit Card
5506,1506,2024-10-05 00:00:00,1142,Cash
5507,1507,2024-11-11 00:00:00,516,Bank Transfer
5508,1508,2024-08-02 00:00:00,709,Bank Transfer
5509,1509,2024-10-12 00:00:00,2693,Credit Card
5510,1510,2024-08-11 00:00:00,2467,Credit Card
5511,1511,2024-04-16 00:00:00,343,Credit Card
5512,1512,2024-07-14 00:00:00,1363,PayPal
5513,1513,2024-02-17 00:00:00,1552,Bank Transfer
5514,1514,2024-04-15 00:00:00,2659,PayPal
5515,1515,2024-07-22 00:00:00,739,Bank Transfer
5516,1516,2024-08-06 00:00:00,2038,PayPal
5517,1517,2024-03-15 00:00:00,1169,Bank Transfer
5518,1518,2024-09-20 00:00:00,1658,Bank Transfer
5519,1519,2024-11-23 00:00:00,1283,Credit Card
5520,1520,2024-06-25 00:00:00,602,Credit Card
5521,1521,2024-01-18 00:00:00,2983,Cash
5522,1522,2024-12-10 00:00:00,1759,Credit Card
5523,1523,2024-04-29 00:00:00,772,Credit Card
5524,1524,2024-01-07 00:00:00,2647,Cash
5525,1525,2024-09-10 00:00:00,932,PayPal
5526,1526,2024-09-26 00:00:00,1397,Cash
5527,1527,2024-08-11 00:00:00,2677,PayPal
5528,1528,2024-09-01 00:00:00,2690,PayPal
5529,1529,2024-07-31 00:00:00,2545,Credit Card
5530,1530,2024-10-10 00:00:00,1962,PayPal
5531,1531,2024-05-08 00:00:00,1816,Credit Card
5532,1532,2024-11-13 00:00:00,2197,Credit Card
5533,1533,2024-08-04 00:00:00,1399,Credit Card
5534,1534,2024-08-06 00:00:00,330,Bank Transfer
5535,1535,2024-01-14 00:00:00,2476,Credit Card
5536,1536,2024-05-22 00:00:00,1231,PayPal
5537,1537,2024-04-18 00:00:00,395,Credit Card
5538,1538,2024-08-17 00:00:00,1941,Bank Transfer
5539,1539,2024-02-07 00:00:00,2096,PayPal
5540,1540,2024-11-25 00:00:00,428,Bank Transfer
5541,1541,2024-11-10 00:00:00,1771,PayPal
5542,1542,2024-05-06 00:00:00,1061,Bank Transfer
5543,1543,2024-06-26 00:00:00,1762,Credit Card
5544,1544,2024-07-21 00:00:00,2315,PayPal
5545,1545,2024-12-10 00:00:00,2208,Credit Card
5546,1546,2024-02-24 00:00:00,2227,Credit Card
5547,1547,2024-03-18 00:00:00,1096,Credit Card
5548,1548,2024-04-25 00:00:00,1826,Cash
5549,1549,2024-08-05 00:00:00,1567,Credit Card
5550,1550,2024-02-02 00:00:00,2789,PayPal
5551,1551,2024-02-14 00:00:00,2233,Bank Transfer
5552,1552,2024-02-03 00:00:00,1598,PayPal
5553,1553,2024-05-16 00:00:00,1124,PayPal
5554,1554,2024-03-23 00:00:00,2905,PayPal
5555,1555,2024-04-20 00:00:00,2199,Cash
5556,1556,2024-01-19 00:00:00,608,Bank Transfer
5557,1557,2024-09-16 00:00:00,302,Credit Card
5558,1558,2024-12-03 00:00:00,2442,Bank Transfer
5559,1559,2024-02-09 00:00:00,2267,Credit Card
5560,1560,2024-02-05 00:00:00,2699,Credit Card
5561,1561,2024-09-18 00:00:00,930,Credit Card
5562,1562,2024-04-11 00:00:00,1859,Bank Transfer
5563,1563,2024-07-17 00:00:00,978,Cash
5564,1564,2024-09-23 00:00:00,1718,Cash
5565,1565,2024-06-05 00:00:00,524,PayPal
5566,1566,2024-11-23 00:00:00,2541,Credit Card
5567,1567,2024-07-19 00:00:00,2660,PayPal
5568,1568,2024-06-26 00:00:00,981,Credit Card
5569,1569,2024-01-25 00:00:00,460,Credit Card
5570,1570,2024-01-26 00:00:00,1778,Credit Card
5571,1571,2024-02-10 00:00:00,452,Bank Transfer
5572,1572,2024-02-26 00:00:00,1562,Bank Transfer
5573,1573,2024-07-21 00:00:00,1960,PayPal
5574,1574,2024-10-22 00:00:00,617,Credit Card
5575,1575,2024-03-23 00:00:00,1582,Credit Card
5576,1576,2024-02-27 00:00:00,675,Credit Card
5577,1577,2024-10-25 00:00:00,2562,Credit Card
5578,1578,2024-05-17 00:00:00,1463,Bank Transfer
5579,1579,2024-01-29 00:00:00,2883,PayPal
5580,1580,2024-08-15 00:00:00,2710,Credit Card
5581,1581,2024-05-04 00:00:00,1612,Bank Transfer
5582,1582,2024-04-26 00:00:00,2914,PayPal
5583,1583,2024-06-24 00:00:00,947,PayPal
5584,1584,2024-03-29 00:00:00,771,Credit Card
5585,1585,2024-11-28 00:00:00,2960,PayPal
5586,1586,2024-02-22 00:00:00,2339,Credit Card
5587,1587,2024-10-04 00:00:00,683,Bank Transfer
5588,1588,2024-05-13 00:00:00,1052,Credit Card
5589,1589,2024-03-15 00:00:00,994,PayPal
5590,1590,2024-11-27 00:00:00,2794,PayPal
5591,1591,2024-08-21 00:00:00,2291,Credit Card
5592,1592,2024-05-13 00:00:00,1140,Cash
5593,1593,2024-06-23 00:00:00,1892,PayPal
5594,1594,2024-08-31 00:00:00,2120,PayPal
5595,1595,2024-10-15 00:00:00,2157,Credit Card
5596,1596,2024-12-10 00:00:00,927,Credit Card
5597,1597,2024-10-26 00:00:00,1955,PayPal
5598,1598,2024-04-02 00:00:00,2346,PayPal
5599,1599,2024-10-15 00:00:00,1163,Credit Card
5600,1600,2024-04-27 00:00:00,767,PayPal
5601,1601,2024-10-22 00:00:00,558,Credit Card
5602,1602,2024-12-08 00:00:00,969,Credit Card
5603,1603,2024-09-10 00:00:00,2806,Bank Transfer
5604,1604,2024-01-27 00:00:00,1606,Credit Card
5605,1605,2024-12-12 00:00:00,1548,PayPal
5606,1606,2024-02-22 00:00:00,771,Credit Card
5607,1607,2024-12-05 00:00:00,1191,Credit Card
5608,1608,2024-05-02 00:00:00,891,Bank Transfer
5609,1609,2024-03-21 00:00:00,1406,Credit Card
5610,1610,2024-06-06 00:00:00,2926,Bank Transfer
5611,1611,2024-07-27 00:00:00,2618,Cash
5612,1612,2024-04-08 00:00:00,2068,Bank Transfer
5613,1613,2024-11-29 00:00:00,684,Cash
5614,1614,2024-01-22 00:00:00,2088,PayPal
5615,1615,2024-07-14 00:00:00,1561,PayPal
5616,1616,2024-06-26 00:00:00,594,PayPal
5617,1617,2024-06-03 00:00:00,2397,Cash
5618,1618,2024-01-31 00:00:00,980,Cash
5619,1619,2024-07-23 00:00:00,2131,PayPal
5620,1620,2024-10-07 00:00:00,454,PayPal
5621,1621,2024-08-27 00:00:00,2694,Bank Transfer
5622,1622,2024-10-08 00:00:00,1836,Credit Card
5623,1623,2024-10-21 00:00:00,927,Credit Card
5624,1624,2024-10-25 00:00:00,2885,PayPal
5625,1625,2024-02-01 00:00:00,2447,Credit Card
5626,1626,2024-10-19 00:00:00,1663,PayPal
5627,1627,2024-11-14 00:00:00,2414,Credit Card
5628,1628,2024-01-23 00:00:00,371,Credit Card
5629,1629,2024-05-22 00:00:00,2914,PayPal
5630,1630,2024-07-18 00:00:00,331,Bank Transfer
5631,1631,2024-06-15 00:00:00,2831,Bank Transfer
5632,1632,2024-02-08 00:00:00,573,PayPal
5633,1633,2024-07-11 00:00:00,1146,Cash
5634,1634,2024-10-03 00:00:00,2052,Credit Card
5635,1635,2024-02-02 00:00:00,1588,Credit Card
5636,1636,2024-10-22 00:00:00,1616,Credit Card
5637,1637,2024-02-05 00:00:00,1688,Cash
5638,1638,2024-09-15 00:00:00,1083,Credit Card
5639,1639,2024-11-23 00:00:00,552,PayPal
5640,1640,2024-02-27 00:00:00,785,Bank Transfer
5641,1641,2024-11-13 00:00:00,1155,Bank Transfer
5642,1642,2024-05-05 00:00:00,2911,Credit Card
5643,1643,2024-12-09 00:00:00,2325,PayPal
5644,1644,2024-07-21 00:00:00,2589,Credit Card
5645,1645,2024-10-29 00:00:00,2833,PayPal
5646,1646,2024-05-29 00:00:00,2448,Credit Card
5647,1647,2024-04-02 00:00:00,1590,PayPal
5648,1648,2024-05-25 00:00:00,1992,PayPal
5649,1649,2024-07-01 00:00:00,631,Cash
5650,1650,2024-11-21 00:00:00,2831,Bank Transfer
5651,1651,2024-05-12 00:00:00,1332,Credit Card
5652,1652,2024-12-12 00:00:00,2878,Credit Card
5653,1653,2024-05-25 00:00:00,1545,Credit Card
5654,1654,2024-01-26 00:00:00,1325,Credit Card
5655,1655,2024-10-31 00:00:00,2284,Cash
5656,1656,2024-05-11 00:00:00,890,PayPal
5657,1657,2024-07-28 00:00:00,483,Bank Transfer
5658,1658,2024-03-31 00:00:00,2475,Cash
5659,1659,2024-11-29 00:00:00,1210,Credit Card
5660,1660,2024-11-11 00:00:00,1104,Credit Card
5661,1661,2024-11-10 00:00:00,1577,Credit Card
5662,1662,2024-09-16 00:00:00,1435,Cash
5663,1663,2024-08-12 00:00:00,2174,Bank Transfer
5664,1664,2024-10-26 00:00:00,2115,Bank Transfer
5665,1665,2024-05-10 00:00:00,319,PayPal
5666,1666,2024-07-13 00:00:00,1963,Credit Card
5667,1667,2024-01-28 00:00:00,2397,Credit Card
5668,1668,2024-12-15 00:00:00,2575,Credit Card
5669,1669,2024-04-14 00:00:00,566,Bank Transfer
5670,1670,2024-09-03 00:00:00,1080,Credit Card
5671,1671,2024-11-17 00:00:00,2295,Credit Card
5672,1672,2024-01-16 00:00:00,2206,Credit Card
5673,1673,2024-11-21 00:00:00,1546,Bank Transfer
5674,1674,2024-08-14 00:00:00,1472,Cash
5675,1675,2024-08-07 00:00:00,846,Bank Transfer
5676,1676,2024-05-17 00:00:00,1573,Credit Card
5677,1677,2024-05-08 00:00:00,1419,PayPal
5678,1678,2024-08-15 00:00:00,2046,Credit Card
5679,1679,2024-10-29 00:00:00,317,Credit Card
5680,1680,2024-11-16 00:00:00,1622,Credit Card
5681,1681,2024-01-08 00:00:00,1556,Credit Card
5682,1682,2024-07-12 00:00:00,1419,PayPal
5683,1683,2024-02-02 00:00:00,2025,Cash
5684,1684,2024-02-18 00:00:00,755,Bank Transfer
5685,1685,2024-11-12 00:00:00,825,Bank Transfer
5686,1686,2024-07-08 00:00:00,2480,Credit Card
5687,1687,2024-04-19 00:00:00,987,Bank Transfer
5688,1688,2024-02-06 00:00:00,1785,PayPal
5689,1689,2024-10-26 00:00:00,2569,PayPal
5690,1690,2024-04-05 00:00:00,1504,Credit Card
5691,1691,2024-04-05 00:00:00,2705,Credit Card
5692,1692,2024-12-06 00:00:00,1674,Credit Card
5693,1693,2024-05-15 00:00:00,601,PayPal
5694,1694,2024-02-18 00:00:00,1267,Bank Transfer
5695,1695,2024-09-19 00:00:00,1012,Credit Card
5696,1696,2024-10-17 00:00:00,775,PayPal
5697,1697,2024-03-09 00:00:00,966,PayPal
5698,1698,2024-02-19 00:00:00,955,PayPal
5699,1699,2024-11-07 00:00:00,454,PayPal
5700,1700,2024-09-02 00:00:00,1038,Credit Card
5701,1701,2024-07-13 00:00:00,1260,PayPal
5702,1702,2024-10-14 00:00:00,1763,Credit Card
5703,1703,2024-10-04 00:00:00,2634,PayPal
5704,1704,2024-01-01 00:00:00,1599,Credit Card
5705,1705,2024-03-03 00:00:00,2390,Cash
5706,1706,2024-07-07 00:00:00,429,Credit Card
5707,1707,2024-06-08 00:00:00,2971,Credit Card
5708,1708,2024-05-04 00:00:00,453,Bank Transfer
5709,1709,2024-09-27 00:00:00,1382,Credit Card
5710,1710,2024-03-15 00:00:00,2710,Cash
5711,1711,2024-04-21 00:00:00,2894,Bank Transfer
5712,1712,2024-05-24 00:00:00,2495,Credit Card
5713,1713,2024-03-04 00:00:00,934,Cash
5714,1714,2024-05-16 00:00:00,1311,Credit Card
5715,1715,2024-06-11 00:00:00,2869,Credit Card
5716,1716,2024-12-02 00:00:00,1355,Bank Transfer
5717,1717,2024-06-09 00:00:00,1491,Cash
5718,1718,2024-05-11 00:00:00,1551,Bank Transfer
5719,1719,2024-10-07 00:00:00,1013,Cash
5720,1720,2024-09-05 00:00:00,858,Credit Card
5721,1721,2024-01-16 00:00:00,2007,PayPal
5722,1722,2024-05-23 00:00:00,2772,PayPal
5723,1723,2024-10-21 00:00:00,2573,Bank Transfer
5724,1724,2024-09-04 00:00:00,933,Bank Transfer
5725,1725,2024-06-26 00:00:00,540,PayPal
5726,1726,2024-09-05 00:00:00,2457,PayPal
5727,1727,2024-01-16 00:00:00,2783,Bank Transfer
5728,1728,2024-05-11 00:00:00,1030,PayPal
5729,1729,2024-11-05 00:00:00,564,Credit Card
5730,1730,2024-03-15 00:00:00,2024,Bank Transfer
5731,1731,2024-06-05 00:00:00,863,Credit Card
5732,1732,2024-09-08 00:00:00,2515,Credit Card
5733,1733,2024-10-21 00:00:00,1253,Credit Card
5734,1734,2024-01-12 00:00:00,1581,Credit Card
5735,1735,2024-03-30 00:00:00,1575,Credit Card
5736,1736,2024-01-09 00:00:00,1758,Bank Transfer
5737,1737,2024-02-03 00:00:00,1460,PayPal
5738,1738,2024-12-15 00:00:00,2765,Bank Transfer
5739,1739,2024-02-03 00:00:00,2282,PayPal
5740,1740,2024-06-22 00:00:00,2868,Credit Card
5741,1741,2024-03-06 00:00:00,1945,Credit Card
5742,1742,2024-10-16 00:00:00,764,Credit Card
5743,1743,2024-06-09 00:00:00,582,Bank Transfer
5744,1744,2024-10-26 00:00:00,2746,Bank Transfer
5745,1745,2024-07-07 00:00:00,665,Bank Transfer
5746,1746,2024-01-18 00:00:00,1565,PayPal
5747,1747,2024-04-28 00:00:00,946,Credit Card
5748,1748,2024-11-15 00:00:00,1327,Credit Card
5749,1749,2024-12-20 00:00:00,1925,Credit Card
5750,1750,2024-06-14 00:00:00,2585,Bank Transfer
5751,1751,2024-11-30 00:00:00,2262,PayPal
5752,1752,2024-03-05 00:00:00,356,Bank Transfer
5753,1753,2024-09-30 00:00:00,677,Bank Transfer
5754,1754,2024-06-22 00:00:00,1268,Credit Card
5755,1755,2024-11-10 00:00:00,969,Credit Card
5756,1756,2024-10-31 00:00:00,1789,Bank Transfer
5757,1757,2024-09-20 00:00:00,2743,Cash
5758,1758,2024-09-29 00:00:00,2239,Credit Card
5759,1759,2024-02-15 00:00:00,2907,Credit Card
5760,1760,2024-09-07 00:00:00,2153,Credit Card
5761,1761,2024-02-06 00:00:00,697,Credit Card
5762,1762,2024-07-06 00:00:00,423,Cash
5763,1763,2024-07-20 00:00:00,2488,PayPal
5764,1764,2024-06-01 00:00:00,1665,Credit Card
5765,1765,2024-09-21 00:00:00,747,Credit Card
5766,1766,2024-03-29 00:00:00,2856,Credit Card
5767,1767,2024-02-11 00:00:00,1598,Credit Card
5768,1768,2024-07-16 00:00:00,2446,Cash
5769,1769,2024-11-22 00:00:00,2367,Credit Card
5770,1770,2024-06-05 00:00:00,749,Credit Card
5771,1771,2024-04-19 00:00:00,2226,PayPal
5772,1772,2024-02-13 00:00:00,913,PayPal
5773,1773,2024-01-18 00:00:00,1954,Credit Card
5774,1774,2024-09-10 00:00:00,1562,Cash
5775,1775,2024-07-07 00:00:00,2859,Credit Card
5776,1776,2024-05-01 00:00:00,1989,Credit Card
5777,1777,2024-10-25 00:00:00,2278,Credit Card
5778,1778,2024-07-12 00:00:00,343,Credit Card
5779,1779,2024-11-19 00:00:00,2243,Bank Transfer
5780,1780,2024-07-12 00:00:00,2169,Credit Card
5781,1781,2024-03-05 00:00:00,1335,Credit Card
5782,1782,2024-10-18 00:00:00,1610,PayPal
5783,1783,2024-08-24 00:00:00,2291,Bank Transfer
5784,1784,2024-09-25 00:00:00,342,PayPal
5785,1785,2024-08-29 00:00:00,1717,Cash
5786,1786,2024-02-10 00:00:00,460,Credit Card
5787,1787,2024-01-05 00:00:00,2805,Credit Card
5788,1788,2024-11-09 00:00:00,492,PayPal
5789,1789,2024-01-15 00:00:00,1636,PayPal
5790,1790,2024-10-28 00:00:00,1377,Bank Transfer
5791,1791,2024-09-11 00:00:00,367,Cash
5792,1792,2024-06-10 00:00:00,1231,Credit Card
5793,1793,2024-04-15 00:00:00,1700,Credit Card
5794,1794,2024-03-04 00:00:00,1550,PayPal
5795,1795,2024-06-07 00:00:00,2807,Bank Transfer
5796,1796,2024-09-04 00:00:00,529,PayPal
5797,1797,2024-09-02 00:00:00,474,Bank Transfer
5798,1798,2024-11-17 00:00:00,1358,Credit Card
5799,1799,2024-01-12 00:00:00,1098,Bank Transfer
5800,1800,2024-01-29 00:00:00,1891,Credit Card
5801,1801,2024-05-07 00:00:00,1459,Credit Card
5802,1802,2024-10-06 00:00:00,2626,PayPal
5803,1803,2024-05-26 00:00:00,833,PayPal
5804,1804,2024-07-05 00:00:00,2601,Cash
5805,1805,2024-06-14 00:00:00,513,Credit Card
5806,1806,2024-02-29 00:00:00,1104,PayPal
5807,1807,2024-06-21 00:00:00,675,Bank Transfer
5808,1808,2024-03-05 00:00:00,957,PayPal
5809,1809,2024-09-30 00:00:00,2195,PayPal
5810,1810,2024-04-08 00:00:00,743,Credit Card
5811,1811,2024-11-14 00:00:00,1250,Credit Card
5812,1812,2024-08-11 00:00:00,2587,Bank Transfer
5813,1813,2024-12-19 00:00:00,871,Cash
5814,1814,2024-05-28 00:00:00,2267,PayPal
5815,1815,2024-04-06 00:00:00,773,PayPal
5816,1816,2024-01-21 00:00:00,2464,PayPal
5817,1817,2024-02-28 00:00:00,2494,PayPal
5818,1818,2024-05-29 00:00:00,963,Bank Transfer
5819,1819,2024-02-20 00:00:00,2800,Credit Card
5820,1820,2024-02-08 00:00:00,1360,Credit Card
5821,1821,2024-03-07 00:00:00,2793,Credit Card
5822,1822,2024-05-22 00:00:00,2922,Cash
5823,1823,2024-07-07 00:00:00,1802,PayPal
5824,1824,2024-11-22 00:00:00,2233,PayPal
5825,1825,2024-11-12 00:00:00,545,PayPal
5826,1826,2024-02-02 00:00:00,1506,Credit Card
5827,1827,2024-11-10 00:00:00,678,Cash
5828,1828,2024-11-07 00:00:00,2173,Bank Transfer
5829,1829,2024-03-20 00:00:00,2584,Cash
5830,1830,2024-05-16 00:00:00,1375,Credit Card
5831,1831,2024-04-12 00:00:00,1647,PayPal
5832,1832,2024-11-13 00:00:00,2156,Bank Transfer
5833,1833,2024-02-29 00:00:00,2993,Credit Card
5834,1834,2024-10-04 00:00:00,2823,Credit Card
5835,1835,2024-12-17 00:00:00,1434,Cash
5836,1836,2024-08-13 00:00:00,976,Credit Card
5837,1837,2024-11-15 00:00:00,2921,Credit Card
5838,1838,2024-06-02 00:00:00,1200,Credit Card
5839,1839,2024-08-14 00:00:00,2316,Cash
5840,1840,2024-08-29 00:00:00,1931,Credit Card
5841,1841,2024-07-09 00:00:00,852,Credit Card
5842,1842,2024-07-13 00:00:00,2787,PayPal
5843,1843,2024-02-04 00:00:00,1129,Bank Transfer
5844,1844,2024-07-21 00:00:00,2945,Credit Card
5845,1845,2024-02-03 00:00:00,2404,PayPal
5846,1846,2024-07-10 00:00:00,2565,Bank Transfer
5847,1847,2024-03-15 00:00:00,2507,Credit Card
5848,1848,2024-07-22 00:00:00,1297,Bank Transfer
5849,1849,2024-05-05 00:00:00,656,Cash
5850,1850,2024-06-22 00:00:00,553,Bank Transfer
5851,1851,2024-01-01 00:00:00,1622,Credit Card
5852,1852,2024-01-10 00:00:00,825,Credit Card
5853,1853,2024-02-28 00:00:00,2650,Credit Card
5854,1854,2024-03-11 00:00:00,2794,Credit Card
5855,1855,2024-02-26 00:00:00,1965,PayPal
5856,1856,2024-04-12 00:00:00,2381,PayPal
5857,1857,2024-12-06 00:00:00,1783,Credit Card
5858,1858,2024-07-14 00:00:00,1710,PayPal
5859,1859,2024-05-09 00:00:00,2789,Credit Card
5860,1860,2024-02-15 00:00:00,2310,PayPal
5861,1861,2024-08-30 00:00:00,511,Credit Card
5862,1862,2024-06-07 00:00:00,1033,PayPal
5863,1863,2024-12-13 00:00:00,2681,Bank Transfer
5864,1864,2024-01-25 00:00:00,2772,PayPal
5865,1865,2024-03-24 00:00:00,744,PayPal
5866,1866,2024-01-25 00:00:00,2707,Cash
5867,1867,2024-05-11 00:00:00,813,PayPal
5868,1868,2024-04-13 00:00:00,2716,Credit Card
5869,1869,2024-11-05 00:00:00,808,Bank Transfer
5870,1870,2024-05-16 00:00:00,1269,PayPal
5871,1871,2024-08-27 00:00:00,1438,PayPal
5872,1872,2024-01-09 00:00:00,2210,Credit Card
5873,1873,2024-10-17 00:00:00,2664,PayPal
5874,1874,2024-02-21 00:00:00,2369,Bank Transfer
5875,1875,2024-07-25 00:00:00,2636,PayPal
5876,1876,2024-01-21 00:00:00,2637,PayPal
5877,1877,2024-07-17 00:00:00,484,PayPal
5878,1878,2024-12-03 00:00:00,2733,Credit Card
5879,1879,2024-01-26 00:00:00,2295,Credit Card
5880,1880,2024-12-13 00:00:00,1272,Credit Card
5881,1881,2024-04-14 00:00:00,2772,Credit Card
5882,1882,2024-04-19 00:00:00,811,Bank Transfer
5883,1883,2024-02-12 00:00:00,2928,PayPal
5884,1884,2024-05-08 00:00:00,1011,Credit Card
5885,1885,2024-06-11 00:00:00,2634,Credit Card
5886,1886,2024-06-09 00:00:00,1180,Credit Card
5887,1887,2024-08-23 00:00:00,2270,Cash
5888,1888,2024-09-04 00:00:00,971,Bank Transfer
5889,1889,2024-07-27 00:00:00,905,Credit Card
5890,1890,2024-02-03 00:00:00,599,PayPal
5891,1891,2024-11-16 00:00:00,463,Credit Card
5892,1892,2024-09-10 00:00:00,1421,Bank Transfer
5893,1893,2024-05-10 00:00:00,561,PayPal
5894,1894,2024-07-10 00:00:00,2915,Credit Card
5895,1895,2024-11-07 00:00:00,2721,Credit Card
5896,1896,2024-01-18 00:00:00,1957,Credit Card
5897,1897,2024-09-12 00:00:00,1132,PayPal
5898,1898,2024-08-16 00:00:00,2607,Credit Card
5899,1899,2024-01-06 00:00:00,811,PayPal
5900,1900,2024-03-04 00:00:00,1711,Bank Transfer
5901,1901,2024-11-24 00:00:00,2378,PayPal
5902,1902,2024-12-10 00:00:00,888,PayPal
5903,1903,2024-05-21 00:00:00,1351,PayPal
5904,1904,2024-10-21 00:00:00,723,PayPal
5905,1905,2024-04-05 00:00:00,1500,PayPal
5906,1906,2024-03-22 00:00:00,1233,Cash
5907,1907,2024-04-04 00:00:00,554,Credit Card
5908,1908,2024-06-27 00:00:00,2417,PayPal
5909,1909,2024-08-26 00:00:00,1005,PayPal
5910,1910,2024-11-19 00:00:00,2851,Credit Card
5911,1911,2024-09-25 00:00:00,1864,PayPal
5912,1912,2024-07-07 00:00:00,2503,Cash
5913,1913,2024-12-06 00:00:00,2613,Credit Card
5914,1914,2024-02-21 00:00:00,2617,PayPal
5915,1915,2024-02-08 00:00:00,1251,Bank Transfer
5916,1916,2024-09-01 00:00:00,335,Credit Card
5917,1917,2024-09-30 00:00:00,422,PayPal
5918,1918,2024-02-26 00:00:00,2338,Bank Transfer
5919,1919,2024-05-12 00:00:00,2354,PayPal
5920,1920,2024-01-07 00:00:00,1174,Bank Transfer
5921,1921,2024-03-10 00:00:00,2475,PayPal
5922,1922,2024-03-06 00:00:00,2667,Credit Card
5923,1923,2024-09-06 00:00:00,1652,PayPal
5924,1924,2024-01-03 00:00:00,2288,PayPal
5925,1925,2024-05-12 00:00:00,1426,Bank Transfer
5926,1926,2024-06-30 00:00:00,1995,Credit Card
5927,1927,2024-01-16 00:00:00,2872,Bank Transfer
5928,1928,2024-02-16 00:00:00,1968,Credit Card
5929,1929,2024-01-06 00:00:00,1602,Credit Card
5930,1930,2024-03-24 00:00:00,2421,Credit Card
5931,1931,2024-08-21 00:00:00,739,Credit Card
5932,1932,2024-03-16 00:00:00,769,Credit Card
5933,1933,2024-11-12 00:00:00,1785,PayPal
5934,1934,2024-03-27 00:00:00,2253,Credit Card
5935,1935,2024-05-23 00:00:00,2062,Credit Card
5936,1936,2024-09-12 00:00:00,2862,Credit Card
5937,1937,2024-06-03 00:00:00,2149,Credit Card
5938,1938,2024-09-18 00:00:00,564,Credit Card
5939,1939,2024-08-27 00:00:00,516,Cash
5940,1940,2024-04-18 00:00:00,2879,PayPal
5941,1941,2024-02-03 00:00:00,958,Credit Card
5942,1942,2024-12-16 00:00:00,2581,PayPal
5943,1943,2024-10-06 00:00:00,822,Credit Card
5944,1944,2024-11-10 00:00:00,1264,PayPal
5945,1945,2024-06-21 00:00:00,2673,Credit Card
5946,1946,2024-03-15 00:00:00,2560,Bank Transfer
5947,1947,2024-03-22 00:00:00,1820,Cash
5948,1948,2024-11-15 00:00:00,596,Credit Card
5949,1949,2024-11-28 00:00:00,2744,Bank Transfer
5950,1950,2024-03-15 00:00:00,2650,Credit Card
5951,1951,2024-06-03 00:00:00,1790,Credit Card
5952,1952,2024-11-11 00:00:00,2913,Credit Card
5953,1953,2024-10-11 00:00:00,2368,Bank Transfer
5954,1954,2024-05-28 00:00:00,1717,Credit Card
5955,1955,2024-01-17 00:00:00,2191,Credit Card
5956,1956,2024-05-19 00:00:00,334,Credit Card
5957,1957,2024-09-04 00:00:00,387,PayPal
5958,1958,2024-08-25 00:00:00,1036,Bank Transfer
5959,1959,2024-06-14 00:00:00,1609,Credit Card
5960,1960,2024-03-02 00:00:00,1077,Cash
5961,1961,2024-07-24 00:00:00,2162,Credit Card
5962,1962,2024-07-21 00:00:00,489,PayPal
5963,1963,2024-02-23 00:00:00,1258,Credit Card
5964,1964,2024-03-04 00:00:00,955,Bank Transfer
5965,1965,2024-01-28 00:00:00,310,Credit Card
5966,1966,2024-05-24 00:00:00,2264,PayPal
5967,1967,2024-04-15 00:00:00,2256,PayPal
5968,1968,2024-06-03 00:00:00,2108,PayPal
5969,1969,2024-09-07 00:00:00,1029,PayPal
5970,1970,2024-06-08 00:00:00,841,Credit Card
5971,1971,2024-08-25 00:00:00,1075,Credit Card
5972,1972,2024-09-15 00:00:00,2837,Credit Card
5973,1973,2024-06-06 00:00:00,2416,Credit Card
5974,1974,2024-09-18 00:00:00,1231,Bank Transfer
5975,1975,2024-05-03 00:00:00,2704,Credit Card
5976,1976,2024-10-02 00:00:00,1707,Credit Card
5977,1977,2024-11-05 00:00:00,482,Bank Transfer
5978,1978,2024-06-30 00:00:00,2732,Credit Card
5979,1979,2024-07-29 00:00:00,2992,PayPal
5980,1980,2024-05-16 00:00:00,578,Cash
5981,1981,2024-07-30 00:00:00,2699,PayPal
5982,1982,2024-05-16 00:00:00,1514,Credit Card
5983,1983,2024-05-27 00:00:00,2968,Bank Transfer
5984,1984,2024-07-03 00:00:00,2402,Credit Card
5985,1985,2024-10-13 00:00:00,2586,PayPal
5986,1986,2024-06-04 00:00:00,813,Bank Transfer
5987,1987,2024-10-18 00:00:00,424,Credit Card
5988,1988,2024-04-05 00:00:00,2381,Credit Card
5989,1989,2024-06-20 00:00:00,1869,Bank Transfer
5990,1990,2024-11-10 00:00:00,1548,Bank Transfer
5991,1991,2024-06-28 00:00:00,2039,Bank Transfer
5992,1992,2024-04-18 00:00:00,2784,Credit Card
5993,1993,2024-08-11 00:00:00,756,Bank Transfer
5994,1994,2024-06-30 00:00:00,2488,Credit Card
5995,1995,2024-03-31 00:00:00,1717,Credit Card
5996,1996,2024-08-31 00:00:00,1766,Cash
5997,1997,2024-03-19 00:00:00,1157,PayPal
5998,1998,2024-09-01 00:00:00,2095,Credit Card
5999,1999,2024-02-28 00:00:00,1053,Bank Transfer
6000,2000,2024-05-10 00:00:00,1229,Bank Transfer
