Rental_ID,Customer_ID,Vehicle_ID,Start_Date,Total_Cost,Status,End_Date
1001,291,305,2024-07-30 00:00:00,1223,Ongoing,2024-08-02 00:00:00
1002,216,324,2024-02-12 00:00:00,307,Completed,2024-02-15 00:00:00
1003,244,341,2024-02-25 00:00:00,2219,Completed,2024-03-01 00:00:00
1004,252,333,2024-03-11 00:00:00,1881,Completed,2024-03-19 00:00:00
1005,214,339,2024-01-21 00:00:00,2523,Ongoing,2024-01-27 00:00:00
1006,224,333,2024-06-19 00:00:00,1393,Completed,2024-06-26 00:00:00
1007,245,306,2024-01-25 00:00:00,787,Ongoing,2024-02-01 00:00:00
1008,267,329,2024-09-12 00:00:00,1129,Ongoing,2024-09-18 00:00:00
1009,290,350,2024-08-31 00:00:00,676,Ongoing,2024-09-09 00:00:00
1010,220,334,2024-09-21 00:00:00,2529,Completed,2024-09-25 00:00:00
1011,220,310,2024-09-17 00:00:00,729,Completed,2024-09-20 00:00:00
1012,225,315,2024-05-07 00:00:00,917,Completed,2024-05-12 00:00:00
1013,277,336,2024-08-18 00:00:00,755,Completed,2024-08-23 00:00:00
1014,281,322,2024-11-25 00:00:00,943,Completed,2024-11-28 00:00:00
1015,247,341,2024-02-08 00:00:00,2845,Completed,2024-02-14 00:00:00
1016,210,332,2024-08-02 00:00:00,1752,Completed,2024-08-11 00:00:00
1017,235,306,2024-08-24 00:00:00,2732,Ongoing,2024-09-02 00:00:00
1018,297,349,2024-12-04 00:00:00,1532,Completed,S
1019,216,330,2024-11-02 00:00:00,2601,Completed,2024-11-10 00:00:00
1020,216,312,2024-02-27 00:00:00,1454,Completed,2024-02-29 00:00:00
1021,277,310,2024-12-13 00:00:00,1227,Completed,2024-12-22 00:00:00
1022,266,308,2024-10-16 00:00:00,2794,Completed,2024-10-25 00:00:00
1023,239,314,2024-01-25 00:00:00,1777,Completed,2024-02-03 00:00:00
1024,254,331,2024-03-09 00:00:00,1725,Booked,2024-03-13 00:00:00
1025,261,328,2024-07-24 00:00:00,1567,Ongoing,2024-08-01 00:00:00
1026,239,307,2024-06-21 00:00:00,1142,Completed,2024-06-29 00:00:00
1027,281,335,2024-09-28 00:00:00,2951,Completed,2024-10-03 00:00:00
1028,264,314,2024-01-22 00:00:00,2753,Completed,2024-01-31 00:00:00
1029,213,338,2024-05-23 00:00:00,1220,Ongoing,2024-05-29 00:00:00
1030,300,322,2024-11-24 00:00:00,1652,Completed,2024-11-29 00:00:00
1031,212,325,2024-08-10 00:00:00,1931,Completed,2024-08-19 00:00:00
1032,218,322,2024-05-05 00:00:00,2259,Completed,2024-05-09 00:00:00
1033,214,349,2024-11-06 00:00:00,667,Booked,2024-11-13 00:00:00
1034,273,303,2024-05-14 00:00:00,2382,Completed,2024-05-21 00:00:00
1035,267,334,2024-05-31 00:00:00,818,Completed,2024-06-04 00:00:00
1036,250,301,2024-04-30 00:00:00,1966,Completed,2024-05-09 00:00:00
1037,253,327,2024-04-14 00:00:00,420,Completed,2024-04-22 00:00:00
1038,240,312,2024-07-27 00:00:00,853,Completed,2024-07-30 00:00:00
1039,300,336,2024-10-29 00:00:00,1762,Completed,2024-11-01 00:00:00
1040,260,330,2024-11-22 00:00:00,2120,Completed,2024-11-25 00:00:00
1041,232,318,2024-11-25 00:00:00,577,Completed,2024-12-04 00:00:00
1042,213,329,2024-03-29 00:00:00,1363,Completed,2024-04-06 00:00:00
1043,241,307,2024-11-16 00:00:00,1257,Ongoing,2024-11-23 00:00:00
1044,265,314,2024-09-08 00:00:00,2847,Completed,2024-09-10 00:00:00
1045,298,324,2024-07-12 00:00:00,1190,Completed,2024-07-16 00:00:00
1046,216,335,2024-09-01 00:00:00,2747,Ongoing,2024-09-03 00:00:00
1047,296,304,2024-05-05 00:00:00,2673,Completed,2024-05-09 00:00:00
1048,276,335,2024-11-17 00:00:00,845,Completed,2024-11-26 00:00:00
1049,295,328,2024-01-17 00:00:00,1909,Completed,2024-01-23 00:00:00
1050,269,327,2024-01-11 00:00:00,1525,Ongoing,2024-01-18 00:00:00
1051,261,327,2024-01-06 00:00:00,1035,Completed,2024-01-12 00:00:00
1052,294,305,2024-06-01 00:00:00,2077,Completed,2024-06-09 00:00:00
1053,285,333,2024-11-30 00:00:00,1087,Completed,2024-12-07 00:00:00
1054,276,329,2024-08-21 00:00:00,2536,Completed,2024-08-28 00:00:00
1055,261,316,2024-02-14 00:00:00,1642,Completed,2024-02-22 00:00:00
1056,277,317,2024-08-12 00:00:00,2676,Completed,2024-08-14 00:00:00
1057,242,316,2024-08-26 00:00:00,1965,Completed,2024-09-03 00:00:00
1058,237,302,2024-02-17 00:00:00,2933,Completed,2024-02-26 00:00:00
1059,252,320,2024-06-11 00:00:00,2206,Completed,2024-06-17 00:00:00
1060,231,303,2024-08-23 00:00:00,2083,Completed,2024-08-31 00:00:00
1061,216,327,2024-02-24 00:00:00,998,Ongoing,2024-03-03 00:00:00
1062,298,307,2024-07-05 00:00:00,452,Ongoing,2024-07-14 00:00:00
1063,243,346,2024-12-18 00:00:00,1372,Completed,2024-12-21 00:00:00
1064,207,332,2024-05-08 00:00:00,2826,Booked,2024-05-15 00:00:00
1065,245,328,2024-02-17 00:00:00,890,Completed,2024-02-21 00:00:00
1066,252,336,2024-01-26 00:00:00,2751,Ongoing,2024-02-03 00:00:00
1067,247,310,2024-06-17 00:00:00,921,Completed,2024-06-22 00:00:00
1068,208,309,2024-01-03 00:00:00,1946,Completed,2024-01-05 00:00:00
1069,244,345,2024-09-16 00:00:00,2679,Completed,2024-09-25 00:00:00
1070,276,348,2024-10-09 00:00:00,2602,Booked,2024-10-17 00:00:00
1071,251,301,2024-04-26 00:00:00,1628,Completed,2024-05-05 00:00:00
1072,235,350,2024-03-27 00:00:00,2946,Completed,2024-04-02 00:00:00
1073,251,319,2024-06-13 00:00:00,969,Booked,2024-06-18 00:00:00
1074,290,320,2024-07-03 00:00:00,2242,Ongoing,2024-07-05 00:00:00
1075,228,334,2024-06-15 00:00:00,2960,Completed,2024-06-20 00:00:00
1076,256,322,2024-06-18 00:00:00,2096,Booked,2024-06-20 00:00:00
1077,241,318,2024-05-08 00:00:00,1971,Completed,2024-05-15 00:00:00
1078,253,341,2024-01-27 00:00:00,1789,Completed,2024-01-31 00:00:00
1079,248,320,2024-06-04 00:00:00,822,Completed,2024-06-09 00:00:00
1080,230,337,2024-03-22 00:00:00,669,Completed,2024-03-28 00:00:00
1081,295,317,2024-01-24 00:00:00,2101,Completed,2024-01-30 00:00:00
1082,224,325,2024-09-21 00:00:00,1502,Completed,2024-09-30 00:00:00
1083,231,328,2024-04-19 00:00:00,1174,Booked,2024-04-28 00:00:00
1084,282,322,2024-07-04 00:00:00,1660,Completed,2024-07-08 00:00:00
1085,299,304,2024-12-17 00:00:00,437,Completed,2024-12-26 00:00:00
1086,292,344,2024-12-08 00:00:00,329,Completed,2024-12-12 00:00:00
1087,281,306,2024-07-16 00:00:00,1349,Completed,2024-07-19 00:00:00
1088,279,305,2024-01-20 00:00:00,2766,Completed,2024-01-29 00:00:00
1089,235,347,2024-05-14 00:00:00,1262,Completed,2024-05-16 00:00:00
1090,289,349,2024-04-29 00:00:00,2509,Completed,2024-05-05 00:00:00
1091,270,319,2024-01-21 00:00:00,1808,Booked,2024-01-30 00:00:00
1092,253,305,2024-06-26 00:00:00,2159,Completed,2024-07-03 00:00:00
1093,230,338,2024-01-27 00:00:00,2377,Completed,2024-01-31 00:00:00
1094,265,338,2024-01-26 00:00:00,857,Completed,2024-02-04 00:00:00
1095,207,316,2024-05-20 00:00:00,2065,Completed,2024-05-27 00:00:00
1096,206,316,2024-01-27 00:00:00,1504,Ongoing,2024-02-02 00:00:00
1097,259,317,2024-06-21 00:00:00,473,Completed,2024-06-27 00:00:00
1098,223,311,2024-01-03 00:00:00,1880,Completed,2024-01-08 00:00:00
1099,259,339,2024-12-06 00:00:00,1157,Completed,2024-12-15 00:00:00
1100,232,313,2024-09-02 00:00:00,2759,Ongoing,2024-09-08 00:00:00
1101,272,343,2024-11-13 00:00:00,2544,Completed,2024-11-15 00:00:00
1102,279,323,2024-06-10 00:00:00,741,Completed,2024-06-13 00:00:00
1103,245,314,2024-09-15 00:00:00,2920,Completed,2024-09-24 00:00:00
1104,267,314,2024-11-23 00:00:00,1413,Ongoing,2024-11-30 00:00:00
1105,291,303,2024-02-20 00:00:00,2476,Completed,2024-02-28 00:00:00
1106,283,325,2024-04-11 00:00:00,1764,Completed,2024-04-14 00:00:00
1107,241,308,2024-11-18 00:00:00,1783,Completed,2024-11-21 00:00:00
1108,248,312,2024-01-13 00:00:00,990,Completed,2024-01-16 00:00:00
1109,215,311,2024-09-22 00:00:00,1415,Completed,2024-09-25 00:00:00
1110,266,335,2024-05-29 00:00:00,1810,Completed,2024-06-06 00:00:00
1111,226,314,2024-05-08 00:00:00,556,Completed,2024-05-15 00:00:00
1112,283,309,2024-11-28 00:00:00,1195,Completed,2024-11-30 00:00:00
1113,223,305,2024-04-26 00:00:00,1410,Completed,2024-04-29 00:00:00
1114,247,317,2024-01-18 00:00:00,809,Ongoing,2024-01-25 00:00:00
1115,258,344,2024-10-27 00:00:00,573,Booked,2024-10-30 00:00:00
1116,256,348,2024-10-07 00:00:00,947,Booked,2024-10-10 00:00:00
1117,250,338,2024-11-28 00:00:00,766,Completed,2024-12-01 00:00:00
1118,277,329,2024-05-05 00:00:00,784,Ongoing,2024-05-07 00:00:00
1119,251,313,2024-03-09 00:00:00,1833,Booked,2024-03-12 00:00:00
1120,256,339,2024-09-01 00:00:00,1884,Completed,2024-09-06 00:00:00
1121,223,349,2024-06-19 00:00:00,1403,Completed,2024-06-21 00:00:00
1122,236,320,2024-11-13 00:00:00,508,Completed,2024-11-19 00:00:00
1123,249,332,2024-07-29 00:00:00,1528,Completed,2024-07-31 00:00:00
1124,220,311,2024-01-03 00:00:00,2736,Booked,2024-01-09 00:00:00
1125,257,307,2024-03-21 00:00:00,1504,Completed,2024-03-24 00:00:00
1126,257,308,2024-01-22 00:00:00,1124,Completed,2024-01-25 00:00:00
1127,263,345,2024-07-11 00:00:00,2645,Completed,2024-07-14 00:00:00
1128,236,349,2024-08-22 00:00:00,453,Completed,2024-08-25 00:00:00
1129,270,321,2024-12-18 00:00:00,471,Completed,2024-12-27 00:00:00
1130,286,311,2024-01-01 00:00:00,554,Completed,2024-01-04 00:00:00
1131,224,316,2024-07-05 00:00:00,1154,Completed,2024-07-09 00:00:00
1132,218,341,2024-07-05 00:00:00,2232,Completed,2024-07-13 00:00:00
1133,238,333,2024-12-07 00:00:00,990,Completed,2024-12-16 00:00:00
1134,252,308,2024-02-28 00:00:00,877,Completed,2024-03-06 00:00:00
1135,285,331,2024-11-13 00:00:00,2290,Completed,2024-11-18 00:00:00
1136,259,350,2024-11-27 00:00:00,2531,Booked,2024-12-02 00:00:00
1137,287,309,2024-04-19 00:00:00,2417,Completed,2024-04-21 00:00:00
1138,298,324,2024-02-12 00:00:00,1304,Ongoing,2024-02-17 00:00:00
1139,247,305,2024-01-23 00:00:00,2057,Ongoing,2024-01-26 00:00:00
1140,249,303,2024-02-19 00:00:00,1921,Completed,2024-02-27 00:00:00
1141,286,324,2024-12-07 00:00:00,2250,Completed,2024-12-15 00:00:00
1142,223,303,2024-05-20 00:00:00,2222,Completed,2024-05-22 00:00:00
1143,266,342,2024-04-23 00:00:00,1367,Completed,2024-04-30 00:00:00
1144,289,326,2024-12-05 00:00:00,1816,Completed,2024-12-07 00:00:00
1145,206,321,2024-01-24 00:00:00,2689,Ongoing,2024-02-02 00:00:00
1146,293,331,2024-12-18 00:00:00,563,Completed,2024-12-24 00:00:00
1147,263,344,2024-01-27 00:00:00,2696,Completed,2024-02-03 00:00:00
1148,255,322,2024-08-18 00:00:00,874,Completed,2024-08-22 00:00:00
1149,279,318,2024-08-20 00:00:00,2937,Completed,2024-08-23 00:00:00
1150,208,308,2024-07-17 00:00:00,1920,Completed,2024-07-24 00:00:00
1151,276,310,2024-04-28 00:00:00,2146,Booked,2024-05-02 00:00:00
1152,297,344,2024-08-26 00:00:00,2483,Ongoing,2024-08-29 00:00:00
1153,231,329,2024-11-01 00:00:00,2352,Completed,2024-11-10 00:00:00
1154,217,324,2024-03-24 00:00:00,2135,Completed,2024-03-31 00:00:00
1155,282,328,2024-07-29 00:00:00,1986,Completed,2024-08-07 00:00:00
1156,248,309,2024-10-23 00:00:00,2310,Booked,2024-10-28 00:00:00
1157,206,348,2024-09-12 00:00:00,2150,Completed,2024-09-20 00:00:00
1158,219,341,2024-10-04 00:00:00,1556,Ongoing,2024-10-10 00:00:00
1159,245,346,2024-03-20 00:00:00,2705,Completed,2024-03-26 00:00:00
1160,203,340,2024-10-12 00:00:00,2086,Ongoing,2024-10-16 00:00:00
1161,286,332,2024-06-25 00:00:00,2007,Booked,2024-07-02 00:00:00
1162,207,333,2024-03-25 00:00:00,2873,Completed,2024-04-02 00:00:00
1163,236,325,2024-03-05 00:00:00,2043,Completed,2024-03-10 00:00:00
1164,252,350,2024-03-21 00:00:00,849,Completed,2024-03-25 00:00:00
1165,258,328,2024-05-20 00:00:00,2517,Completed,2024-05-27 00:00:00
1166,230,312,2024-10-22 00:00:00,1579,Completed,2024-10-27 00:00:00
1167,215,347,2024-11-07 00:00:00,1122,Completed,2024-11-13 00:00:00
1168,283,333,2024-07-07 00:00:00,2794,Completed,2024-07-10 00:00:00
1169,258,334,2024-07-01 00:00:00,711,Completed,2024-07-05 00:00:00
1170,286,335,2024-11-12 00:00:00,539,Completed,2024-11-20 00:00:00
1171,248,344,2024-12-14 00:00:00,606,Booked,2024-12-16 00:00:00
1172,298,308,2024-12-05 00:00:00,535,Completed,2024-12-07 00:00:00
1173,298,326,2024-01-01 00:00:00,2625,Completed,2024-01-03 00:00:00
1174,243,349,2024-10-04 00:00:00,921,Completed,2024-10-12 00:00:00
1175,235,337,2024-08-13 00:00:00,2702,Ongoing,2024-08-15 00:00:00
1176,225,332,2024-05-15 00:00:00,702,Completed,2024-05-21 00:00:00
1177,258,325,2024-10-11 00:00:00,1326,Booked,2024-10-15 00:00:00
1178,281,332,2024-05-11 00:00:00,2183,Ongoing,2024-05-19 00:00:00
1179,280,340,2024-12-12 00:00:00,542,Completed,2024-12-21 00:00:00
1180,207,333,2024-08-06 00:00:00,920,Completed,2024-08-09 00:00:00
1181,247,310,2024-12-14 00:00:00,725,Ongoing,2024-12-22 00:00:00
1182,257,329,2024-01-21 00:00:00,2585,Completed,2024-01-30 00:00:00
1183,266,307,2024-07-26 00:00:00,1891,Completed,2024-08-02 00:00:00
1184,221,313,2024-05-18 00:00:00,1662,Completed,2024-05-22 00:00:00
1185,256,322,2024-08-09 00:00:00,2967,Completed,2024-08-17 00:00:00
1186,213,305,2024-08-11 00:00:00,2871,Completed,2024-08-15 00:00:00
1187,235,348,2024-04-29 00:00:00,2233,Booked,2024-05-07 00:00:00
1188,284,333,2024-05-11 00:00:00,777,Completed,2024-05-17 00:00:00
1189,298,341,2024-10-30 00:00:00,1561,Completed,2024-11-08 00:00:00
1190,274,303,2024-10-29 00:00:00,1742,Completed,2024-11-02 00:00:00
1191,230,343,2024-02-22 00:00:00,2413,Completed,2024-02-25 00:00:00
1192,260,350,2024-03-27 00:00:00,1482,Booked,2024-04-01 00:00:00
1193,219,329,2024-11-13 00:00:00,850,Completed,2024-11-16 00:00:00
1194,300,345,2024-02-14 00:00:00,1688,Completed,2024-02-20 00:00:00
1195,205,341,2024-07-15 00:00:00,2383,Completed,2024-07-24 00:00:00
1196,296,335,2024-05-27 00:00:00,528,Booked,2024-05-31 00:00:00
1197,219,326,2024-06-28 00:00:00,1199,Ongoing,2024-07-06 00:00:00
1198,226,337,2024-04-12 00:00:00,1665,Completed,2024-04-14 00:00:00
1199,239,311,2024-04-02 00:00:00,1695,Completed,2024-04-06 00:00:00
1200,245,347,2024-08-10 00:00:00,2528,Booked,2024-08-16 00:00:00
1201,234,308,2024-10-22 00:00:00,824,Completed,2024-10-29 00:00:00
1202,261,330,2024-11-03 00:00:00,316,Ongoing,2024-11-06 00:00:00
1203,268,320,2024-08-14 00:00:00,2300,Completed,2024-08-19 00:00:00
1204,225,307,2024-04-01 00:00:00,2890,Completed,2024-04-10 00:00:00
1205,227,301,2024-06-22 00:00:00,2355,Completed,2024-06-25 00:00:00
1206,202,344,2024-08-27 00:00:00,2385,Completed,2024-09-02 00:00:00
1207,274,344,2024-12-16 00:00:00,2664,Completed,2024-12-18 00:00:00
1208,245,342,2024-11-06 00:00:00,467,Ongoing,2024-11-15 00:00:00
1209,263,348,2024-06-28 00:00:00,1314,Completed,2024-07-01 00:00:00
1210,252,312,2024-02-05 00:00:00,1106,Booked,2024-02-12 00:00:00
1211,274,341,2024-04-08 00:00:00,1246,Completed,2024-04-16 00:00:00
1212,236,331,2024-05-03 00:00:00,702,Completed,2024-05-11 00:00:00
1213,252,325,2024-03-20 00:00:00,1804,Completed,2024-03-27 00:00:00
1214,259,345,2024-05-03 00:00:00,1482,Completed,2024-05-07 00:00:00
1215,251,345,2024-04-24 00:00:00,1798,Completed,2024-04-29 00:00:00
1216,241,326,2024-02-12 00:00:00,873,Completed,2024-02-16 00:00:00
1217,269,328,2024-08-01 00:00:00,484,Booked,2024-08-03 00:00:00
1218,284,344,2024-04-11 00:00:00,573,Completed,2024-04-13 00:00:00
1219,223,339,2024-10-21 00:00:00,2500,Booked,2024-10-29 00:00:00
1220,295,325,2024-10-08 00:00:00,1317,Completed,2024-10-17 00:00:00
1221,270,335,2024-06-10 00:00:00,1700,Completed,2024-06-16 00:00:00
1222,272,311,2024-08-28 00:00:00,868,Completed,2024-09-02 00:00:00
1223,208,319,2024-10-15 00:00:00,2092,Completed,2024-10-21 00:00:00
1224,211,323,2024-01-21 00:00:00,1292,Booked,2024-01-30 00:00:00
1225,244,301,2024-06-02 00:00:00,2040,Completed,2024-06-04 00:00:00
1226,203,333,2024-09-05 00:00:00,2435,Completed,2024-09-11 00:00:00
1227,274,306,2024-11-21 00:00:00,1110,Ongoing,2024-11-29 00:00:00
1228,256,301,2024-02-03 00:00:00,1261,Booked,2024-02-08 00:00:00
1229,241,328,2024-02-03 00:00:00,1634,Ongoing,2024-02-12 00:00:00
1230,229,347,2024-10-26 00:00:00,1033,Completed,2024-11-01 00:00:00
1231,297,346,2024-11-30 00:00:00,353,Completed,2024-12-09 00:00:00
1232,254,315,2024-04-27 00:00:00,952,Completed,2024-05-04 00:00:00
1233,269,342,2024-09-01 00:00:00,1434,Completed,2024-09-03 00:00:00
1234,206,340,2024-05-04 00:00:00,1519,Completed,2024-05-11 00:00:00
1235,202,341,2024-12-01 00:00:00,1545,Completed,2024-12-05 00:00:00
1236,267,342,2024-07-15 00:00:00,1601,Ongoing,2024-07-23 00:00:00
1237,219,315,2024-07-10 00:00:00,1805,Ongoing,2024-07-12 00:00:00
1238,213,309,2024-03-26 00:00:00,2573,Ongoing,2024-04-02 00:00:00
1239,288,332,2024-03-14 00:00:00,1866,Completed,2024-03-23 00:00:00
1240,215,343,2024-05-05 00:00:00,1089,Booked,2024-05-10 00:00:00
1241,227,334,2024-09-05 00:00:00,2289,Ongoing,2024-09-13 00:00:00
1242,250,318,2024-11-26 00:00:00,1515,Completed,2024-12-01 00:00:00
1243,243,343,2024-07-11 00:00:00,2204,Ongoing,2024-07-19 00:00:00
1244,279,310,2024-09-30 00:00:00,304,Booked,2024-10-05 00:00:00
1245,289,339,2024-03-15 00:00:00,887,Completed,2024-03-21 00:00:00
1246,244,320,2024-12-08 00:00:00,2219,Completed,2024-12-15 00:00:00
1247,239,342,2024-01-11 00:00:00,2720,Ongoing,2024-01-20 00:00:00
1248,260,302,2024-03-19 00:00:00,2112,Ongoing,2024-03-26 00:00:00
1249,247,345,2024-04-18 00:00:00,944,Completed,2024-04-22 00:00:00
1250,295,327,2024-05-13 00:00:00,688,Booked,2024-05-15 00:00:00
1251,299,344,2024-09-05 00:00:00,2289,Completed,2024-09-09 00:00:00
1252,241,327,2024-01-28 00:00:00,1170,Completed,2024-02-03 00:00:00
1253,228,319,2024-07-22 00:00:00,443,Completed,2024-07-27 00:00:00
1254,275,304,2024-08-09 00:00:00,2854,Completed,2024-08-18 00:00:00
1255,262,326,2024-09-26 00:00:00,394,Completed,2024-09-28 00:00:00
1256,238,337,2024-01-11 00:00:00,1538,Completed,2024-01-15 00:00:00
1257,269,333,2024-03-14 00:00:00,2950,Completed,2024-03-18 00:00:00
1258,213,316,2024-08-21 00:00:00,2661,Completed,2024-08-28 00:00:00
1259,242,344,2024-06-06 00:00:00,1404,Completed,2024-06-15 00:00:00
1260,230,336,2024-08-04 00:00:00,2171,Ongoing,2024-08-12 00:00:00
1261,254,318,2024-12-09 00:00:00,1112,Completed,2024-12-16 00:00:00
1262,279,329,2024-09-13 00:00:00,1572,Completed,2024-09-20 00:00:00
1263,212,305,2024-06-09 00:00:00,1316,Ongoing,2024-06-17 00:00:00
1264,203,321,2024-10-26 00:00:00,597,Ongoing,2024-10-29 00:00:00
1265,224,350,2024-10-18 00:00:00,2333,Ongoing,2024-10-23 00:00:00
1266,293,320,2024-08-07 00:00:00,2038,Completed,2024-08-09 00:00:00
1267,278,328,2024-02-22 00:00:00,1073,Completed,2024-02-27 00:00:00
1268,248,322,2024-07-07 00:00:00,841,Completed,2024-07-16 00:00:00
1269,255,303,2024-04-27 00:00:00,770,Completed,2024-05-04 00:00:00
1270,281,344,2024-09-05 00:00:00,2060,Ongoing,2024-09-07 00:00:00
1271,206,331,2024-10-24 00:00:00,1696,Completed,2024-10-27 00:00:00
1272,221,324,2024-04-24 00:00:00,1887,Completed,2024-04-29 00:00:00
1273,242,333,2024-09-15 00:00:00,1450,Completed,2024-09-18 00:00:00
1274,206,320,2024-01-30 00:00:00,1441,Ongoing,2024-02-01 00:00:00
1275,278,332,2024-11-27 00:00:00,907,Completed,2024-12-04 00:00:00
1276,249,318,2024-10-12 00:00:00,2730,Completed,2024-10-14 00:00:00
1277,253,337,2024-02-26 00:00:00,1264,Completed,2024-03-04 00:00:00
1278,290,303,2024-07-18 00:00:00,1877,Completed,2024-07-24 00:00:00
1279,223,325,2024-04-06 00:00:00,1891,Completed,2024-04-13 00:00:00
1280,237,314,2024-07-24 00:00:00,2381,Booked,2024-07-31 00:00:00
1281,270,346,2024-02-10 00:00:00,911,Completed,2024-02-17 00:00:00
1282,215,341,2024-12-11 00:00:00,1581,Completed,2024-12-16 00:00:00
1283,271,316,2024-04-04 00:00:00,434,Completed,2024-04-10 00:00:00
1284,296,325,2024-12-05 00:00:00,654,Booked,2024-12-08 00:00:00
1285,284,319,2024-11-07 00:00:00,2422,Completed,2024-11-13 00:00:00
1286,284,347,2024-03-13 00:00:00,1661,Completed,2024-03-20 00:00:00
1287,275,345,2024-06-02 00:00:00,680,Ongoing,2024-06-08 00:00:00
1288,295,318,2024-07-10 00:00:00,1795,Completed,2024-07-14 00:00:00
1289,237,327,2024-10-02 00:00:00,1997,Completed,2024-10-07 00:00:00
1290,281,346,2024-12-01 00:00:00,643,Completed,2024-12-08 00:00:00
1291,252,318,2024-09-04 00:00:00,735,Completed,2024-09-11 00:00:00
1292,235,319,2024-10-02 00:00:00,2704,Completed,2024-10-04 00:00:00
1293,266,336,2024-06-29 00:00:00,1396,Booked,2024-07-07 00:00:00
1294,251,301,2024-12-13 00:00:00,2857,Completed,2024-12-18 00:00:00
1295,242,327,2024-01-23 00:00:00,1980,Ongoing,2024-01-31 00:00:00
1296,246,306,2024-07-04 00:00:00,2601,Completed,2024-07-07 00:00:00
1297,233,327,2024-04-19 00:00:00,1848,Ongoing,2024-04-23 00:00:00
1298,282,328,2024-06-24 00:00:00,1388,Ongoing,2024-07-02 00:00:00
1299,210,342,2024-02-19 00:00:00,2510,Completed,2024-02-22 00:00:00
1300,294,345,2024-03-16 00:00:00,1674,Completed,2024-03-23 00:00:00
1301,246,335,2024-06-11 00:00:00,2313,Completed,2024-06-18 00:00:00
1302,255,348,2024-02-28 00:00:00,2121,Ongoing,2024-03-05 00:00:00
1303,273,339,2024-05-20 00:00:00,330,Ongoing,2024-05-29 00:00:00
1304,276,350,2024-09-21 00:00:00,644,Completed,2024-09-26 00:00:00
1305,272,338,2024-05-13 00:00:00,1676,Completed,2024-05-20 00:00:00
1306,300,318,2024-06-20 00:00:00,1588,Ongoing,2024-06-27 00:00:00
1307,292,329,2024-07-28 00:00:00,1930,Completed,2024-08-02 00:00:00
1308,249,348,2024-07-05 00:00:00,2482,Completed,2024-07-08 00:00:00
1309,295,326,2024-04-18 00:00:00,1401,Completed,2024-04-21 00:00:00
1310,252,313,2024-09-16 00:00:00,2417,Completed,2024-09-25 00:00:00
1311,299,338,2024-07-15 00:00:00,1704,Completed,2024-07-24 00:00:00
1312,260,331,2024-03-06 00:00:00,483,Completed,2024-03-13 00:00:00
1313,220,309,2024-06-12 00:00:00,1484,Completed,2024-06-14 00:00:00
1314,247,320,2024-02-09 00:00:00,2443,Completed,2024-02-17 00:00:00
1315,260,347,2024-05-14 00:00:00,1743,Completed,2024-05-22 00:00:00
1316,277,309,2024-02-29 00:00:00,1998,Ongoing,2024-03-02 00:00:00
1317,225,301,2024-04-11 00:00:00,1858,Completed,2024-04-15 00:00:00
1318,276,339,2024-01-18 00:00:00,793,Completed,2024-01-21 00:00:00
1319,209,332,2024-10-16 00:00:00,2787,Completed,2024-10-24 00:00:00
1320,239,306,2024-03-02 00:00:00,2209,Booked,2024-03-05 00:00:00
1321,260,324,2024-02-09 00:00:00,792,Completed,2024-02-18 00:00:00
1322,264,321,2024-02-21 00:00:00,1712,Booked,2024-02-23 00:00:00
1323,271,347,2024-12-19 00:00:00,1341,Completed,2024-12-26 00:00:00
1324,295,337,2024-05-12 00:00:00,2680,Completed,2024-05-16 00:00:00
1325,251,327,2024-05-30 00:00:00,1430,Completed,2024-06-06 00:00:00
1326,220,315,2024-03-13 00:00:00,902,Ongoing,2024-03-17 00:00:00
1327,229,312,2024-11-07 00:00:00,1215,Booked,2024-11-10 00:00:00
1328,235,312,2024-10-07 00:00:00,1103,Booked,2024-10-16 00:00:00
1329,235,345,2024-05-29 00:00:00,638,Completed,2024-06-04 00:00:00
1330,211,309,2024-07-09 00:00:00,2290,Completed,2024-07-16 00:00:00
1331,277,301,2024-12-14 00:00:00,1919,Completed,2024-12-23 00:00:00
1332,286,344,2024-12-13 00:00:00,1704,Ongoing,2024-12-19 00:00:00
1333,297,306,2024-06-23 00:00:00,1909,Booked,2024-06-25 00:00:00
1334,259,335,2024-07-04 00:00:00,2657,Completed,2024-07-11 00:00:00
1335,220,333,2024-12-15 00:00:00,1751,Completed,2024-12-18 00:00:00
1336,271,334,2024-03-08 00:00:00,461,Ongoing,2024-03-13 00:00:00
1337,233,331,2024-04-02 00:00:00,1101,Ongoing,2024-04-08 00:00:00
1338,235,349,2024-09-29 00:00:00,1176,Ongoing,2024-10-03 00:00:00
1339,206,324,2024-10-11 00:00:00,2235,Ongoing,2024-10-17 00:00:00
1340,254,349,2024-04-30 00:00:00,1540,Completed,2024-05-04 00:00:00
1341,279,312,2024-01-21 00:00:00,2913,Completed,2024-01-28 00:00:00
1342,202,342,2024-07-12 00:00:00,2165,Completed,2024-07-17 00:00:00
1343,238,350,2024-01-01 00:00:00,2428,Completed,2024-01-09 00:00:00
1344,235,334,2024-04-04 00:00:00,2769,Completed,2024-04-07 00:00:00
1345,230,336,2024-02-29 00:00:00,1202,Completed,2024-03-07 00:00:00
1346,212,330,2024-10-13 00:00:00,2592,Ongoing,2024-10-15 00:00:00
1347,271,302,2024-03-12 00:00:00,1455,Ongoing,2024-03-21 00:00:00
1348,253,302,2024-08-10 00:00:00,1776,Completed,2024-08-18 00:00:00
1349,228,306,2024-03-28 00:00:00,1321,Ongoing,2024-04-05 00:00:00
1350,225,306,2024-04-16 00:00:00,1478,Completed,2024-04-23 00:00:00
1351,284,321,2024-05-09 00:00:00,2373,Ongoing,2024-05-16 00:00:00
1352,248,314,2024-01-12 00:00:00,1819,Completed,2024-01-15 00:00:00
1353,243,333,2024-11-26 00:00:00,1263,Completed,2024-12-01 00:00:00
1354,287,326,2024-01-22 00:00:00,369,Ongoing,2024-01-27 00:00:00
1355,251,321,2024-05-07 00:00:00,1416,Ongoing,2024-05-14 00:00:00
1356,285,305,2024-10-11 00:00:00,642,Completed,2024-10-15 00:00:00
1357,209,341,2024-07-19 00:00:00,2512,Completed,2024-07-24 00:00:00
1358,273,335,2024-10-08 00:00:00,1616,Ongoing,2024-10-14 00:00:00
1359,257,346,2024-07-08 00:00:00,573,Completed,2024-07-17 00:00:00
1360,245,327,2024-04-10 00:00:00,2074,Completed,2024-04-14 00:00:00
1361,253,331,2024-04-05 00:00:00,1177,Completed,2024-04-12 00:00:00
1362,261,305,2024-10-21 00:00:00,1509,Completed,2024-10-29 00:00:00
1363,260,335,2024-06-30 00:00:00,2199,Completed,2024-07-03 00:00:00
1364,293,347,2024-01-31 00:00:00,420,Ongoing,2024-02-06 00:00:00
1365,243,324,2024-12-07 00:00:00,1435,Completed,2024-12-11 00:00:00
1366,280,323,2024-02-22 00:00:00,1336,Completed,2024-03-02 00:00:00
1367,275,321,2024-11-12 00:00:00,2703,Completed,2024-11-16 00:00:00
1368,212,303,2024-07-29 00:00:00,2815,Booked,2024-08-07 00:00:00
1369,244,323,2024-06-12 00:00:00,1993,Completed,2024-06-19 00:00:00
1370,201,301,2024-01-06 00:00:00,1626,Completed,2024-01-11 00:00:00
1371,254,347,2024-02-14 00:00:00,1929,Ongoing,2024-02-20 00:00:00
1372,288,336,2024-06-08 00:00:00,865,Completed,2024-06-12 00:00:00
1373,270,321,2024-01-18 00:00:00,854,Completed,2024-01-27 00:00:00
1374,215,332,2024-07-07 00:00:00,1837,Completed,2024-07-16 00:00:00
1375,229,311,2024-11-28 00:00:00,1920,Completed,2024-12-05 00:00:00
1376,258,315,2024-04-09 00:00:00,2831,Completed,2024-04-18 00:00:00
1377,273,317,2024-09-29 00:00:00,1920,Completed,2024-10-06 00:00:00
1378,285,306,2024-07-27 00:00:00,1595,Ongoing,2024-08-02 00:00:00
1379,244,305,2024-01-21 00:00:00,1510,Completed,2024-01-23 00:00:00
1380,279,328,2024-02-12 00:00:00,1437,Completed,2024-02-14 00:00:00
1381,234,301,2024-11-25 00:00:00,1903,Booked,2024-11-30 00:00:00
1382,246,345,2024-01-03 00:00:00,1569,Completed,2024-01-12 00:00:00
1383,294,347,2024-09-08 00:00:00,2223,Completed,2024-09-10 00:00:00
1384,260,334,2024-08-06 00:00:00,2980,Completed,2024-08-11 00:00:00
1385,286,317,2024-04-04 00:00:00,1666,Completed,2024-04-12 00:00:00
1386,263,320,2024-10-13 00:00:00,903,Completed,2024-10-19 00:00:00
1387,259,310,2024-06-15 00:00:00,1713,Ongoing,2024-06-22 00:00:00
1388,241,309,2024-04-14 00:00:00,744,Ongoing,2024-04-20 00:00:00
1389,251,338,2024-07-14 00:00:00,2395,Completed,2024-07-18 00:00:00
1390,256,307,2024-02-05 00:00:00,442,Completed,2024-02-12 00:00:00
1391,228,333,2024-01-07 00:00:00,1746,Completed,2024-01-10 00:00:00
1392,272,337,2024-03-20 00:00:00,1157,Booked,2024-03-23 00:00:00
1393,291,331,2024-12-03 00:00:00,2420,Completed,2024-12-05 00:00:00
1394,238,310,2024-02-12 00:00:00,2443,Completed,2024-02-18 00:00:00
1395,233,335,2024-04-02 00:00:00,1086,Completed,2024-04-08 00:00:00
1396,217,337,2024-06-04 00:00:00,2806,Completed,2024-06-10 00:00:00
1397,230,309,2024-09-13 00:00:00,372,Ongoing,2024-09-17 00:00:00
1398,214,307,2024-10-17 00:00:00,1822,Booked,2024-10-20 00:00:00
1399,222,318,2024-04-09 00:00:00,2728,Ongoing,2024-04-18 00:00:00
1400,235,336,2024-07-19 00:00:00,2156,Completed,2024-07-25 00:00:00
1401,258,330,2024-04-26 00:00:00,2899,Completed,2024-04-29 00:00:00
1402,298,318,2024-05-07 00:00:00,2973,Completed,2024-05-15 00:00:00
1403,207,301,2024-08-07 00:00:00,893,Completed,2024-08-15 00:00:00
1404,290,326,2024-01-23 00:00:00,2624,Completed,2024-01-29 00:00:00
1405,231,338,2024-03-27 00:00:00,506,Completed,2024-04-05 00:00:00
1406,205,318,2024-11-30 00:00:00,2487,Completed,2024-12-04 00:00:00
1407,255,323,2024-07-08 00:00:00,455,Completed,2024-07-17 00:00:00
1408,284,335,2024-07-25 00:00:00,322,Completed,2024-07-31 00:00:00
1409,229,335,2024-09-02 00:00:00,817,Completed,2024-09-07 00:00:00
1410,230,326,2024-11-17 00:00:00,311,Completed,2024-11-19 00:00:00
1411,217,317,2024-03-25 00:00:00,534,Completed,2024-03-31 00:00:00
1412,251,334,2024-12-01 00:00:00,1559,Completed,2024-12-07 00:00:00
1413,256,326,2024-10-26 00:00:00,2746,Booked,2024-10-31 00:00:00
1414,211,323,2024-05-21 00:00:00,795,Completed,2024-05-24 00:00:00
1415,217,332,2024-03-27 00:00:00,1502,Completed,2024-03-31 00:00:00
1416,237,323,2024-09-26 00:00:00,1458,Completed,2024-10-01 00:00:00
1417,220,326,2024-10-18 00:00:00,605,Ongoing,2024-10-27 00:00:00
1418,220,342,2024-07-12 00:00:00,1574,Completed,2024-07-20 00:00:00
1419,211,309,2024-04-30 00:00:00,1398,Completed,2024-05-04 00:00:00
1420,292,319,2024-04-07 00:00:00,544,Completed,2024-04-15 00:00:00
1421,280,304,2024-08-03 00:00:00,1053,Completed,2024-08-07 00:00:00
1422,234,339,2024-03-26 00:00:00,1567,Completed,2024-03-30 00:00:00
1423,284,343,2024-02-10 00:00:00,875,Completed,2024-02-19 00:00:00
1424,286,301,2024-08-06 00:00:00,865,Completed,2024-08-11 00:00:00
1425,215,349,2024-04-21 00:00:00,866,Completed,2024-04-24 00:00:00
1426,274,321,2024-05-16 00:00:00,1808,Booked,2024-05-23 00:00:00
1427,224,320,2024-12-13 00:00:00,438,Completed,2024-12-19 00:00:00
1428,258,330,2024-09-03 00:00:00,2406,Completed,2024-09-10 00:00:00
1429,236,321,2024-05-11 00:00:00,2187,Completed,2024-05-16 00:00:00
1430,211,332,2024-09-08 00:00:00,2983,Ongoing,2024-09-16 00:00:00
1431,298,332,2024-04-07 00:00:00,1765,Booked,2024-04-12 00:00:00
1432,226,319,2024-12-11 00:00:00,2956,Ongoing,2024-12-16 00:00:00
1433,268,329,2024-02-08 00:00:00,1932,Booked,2024-02-12 00:00:00
1434,278,305,2024-01-13 00:00:00,840,Booked,2024-01-18 00:00:00
1435,224,332,2024-06-30 00:00:00,1417,Completed,2024-07-07 00:00:00
1436,246,321,2024-06-04 00:00:00,782,Completed,2024-06-11 00:00:00
1437,298,333,2024-08-25 00:00:00,2611,Ongoing,2024-09-03 00:00:00
1438,294,304,2024-10-27 00:00:00,2595,Completed,2024-10-30 00:00:00
1439,286,331,2024-10-10 00:00:00,2973,Completed,2024-10-18 00:00:00
1440,235,340,2024-05-23 00:00:00,1249,Booked,2024-05-25 00:00:00
1441,274,332,2024-03-24 00:00:00,1338,Completed,2024-03-26 00:00:00
1442,277,324,2024-02-11 00:00:00,931,Completed,2024-02-15 00:00:00
1443,245,333,2024-02-01 00:00:00,587,Completed,2024-02-06 00:00:00
1444,202,335,2024-04-12 00:00:00,2688,Completed,2024-04-17 00:00:00
1445,273,322,2024-10-21 00:00:00,2123,Completed,2024-10-28 00:00:00
1446,244,350,2024-10-25 00:00:00,2486,Completed,2024-10-29 00:00:00
1447,216,303,2024-12-18 00:00:00,2029,Ongoing,2024-12-20 00:00:00
1448,260,302,2024-11-20 00:00:00,1173,Ongoing,2024-11-25 00:00:00
1449,261,330,2024-10-09 00:00:00,814,Completed,2024-10-16 00:00:00
1450,228,339,2024-05-21 00:00:00,2090,Ongoing,2024-05-29 00:00:00
1451,226,335,2024-12-03 00:00:00,467,Ongoing,2024-12-09 00:00:00
1452,263,313,2024-07-29 00:00:00,2156,Ongoing,2024-08-05 00:00:00
1453,282,321,2024-02-05 00:00:00,1761,Ongoing,2024-02-11 00:00:00
1454,282,324,2024-01-17 00:00:00,1247,Completed,2024-01-19 00:00:00
1455,202,335,2024-10-22 00:00:00,597,Completed,2024-10-31 00:00:00
1456,293,342,2024-06-01 00:00:00,2142,Completed,2024-06-05 00:00:00
1457,212,334,2024-08-01 00:00:00,844,Ongoing,2024-08-05 00:00:00
1458,221,301,2024-08-11 00:00:00,2018,Completed,2024-08-20 00:00:00
1459,286,335,2024-11-02 00:00:00,2277,Completed,2024-11-08 00:00:00
1460,226,331,2024-04-22 00:00:00,340,Ongoing,2024-04-30 00:00:00
1461,201,336,2024-02-21 00:00:00,764,Completed,2024-02-25 00:00:00
1462,244,320,2024-01-29 00:00:00,2664,Completed,2024-01-31 00:00:00
1463,221,301,2024-01-27 00:00:00,403,Ongoing,2024-01-31 00:00:00
1464,273,343,2024-08-04 00:00:00,1938,Completed,2024-08-12 00:00:00
1465,277,321,2024-09-13 00:00:00,1013,Ongoing,2024-09-15 00:00:00
1466,245,346,2024-07-18 00:00:00,1070,Ongoing,2024-07-26 00:00:00
1467,218,347,2024-09-25 00:00:00,2600,Completed,2024-10-02 00:00:00
1468,238,348,2024-06-15 00:00:00,397,Completed,2024-06-20 00:00:00
1469,285,317,2024-08-09 00:00:00,1031,Completed,2024-08-17 00:00:00
1470,211,307,2024-09-23 00:00:00,1946,Ongoing,2024-09-25 00:00:00
1471,204,333,2024-10-25 00:00:00,796,Ongoing,2024-10-27 00:00:00
1472,224,341,2024-06-14 00:00:00,1875,Completed,2024-06-23 00:00:00
1473,247,313,2024-08-07 00:00:00,987,Ongoing,2024-08-09 00:00:00
1474,246,322,2024-06-26 00:00:00,1166,Ongoing,2024-07-01 00:00:00
1475,205,333,2024-02-13 00:00:00,1194,Completed,2024-02-20 00:00:00
1476,220,324,2024-02-02 00:00:00,1965,Completed,2024-02-06 00:00:00
1477,223,322,2024-05-13 00:00:00,2736,Completed,2024-05-18 00:00:00
1478,281,315,2024-09-04 00:00:00,1112,Ongoing,2024-09-07 00:00:00
1479,206,306,2024-03-04 00:00:00,2573,Completed,2024-03-10 00:00:00
1480,239,345,2024-09-18 00:00:00,1588,Completed,2024-09-21 00:00:00
1481,299,321,2024-01-19 00:00:00,958,Completed,2024-01-27 00:00:00
1482,274,308,2024-10-08 00:00:00,1967,Completed,2024-10-10 00:00:00
1483,223,335,2024-12-07 00:00:00,1732,Ongoing,2024-12-11 00:00:00
1484,220,350,2024-01-22 00:00:00,2825,Booked,2024-01-24 00:00:00
1485,206,316,2024-07-20 00:00:00,1762,Completed,2024-07-29 00:00:00
1486,285,321,2024-06-06 00:00:00,1702,Completed,2024-06-08 00:00:00
1487,228,340,2024-11-05 00:00:00,658,Completed,2024-11-11 00:00:00
1488,205,335,2024-06-24 00:00:00,892,Completed,2024-07-03 00:00:00
1489,252,310,2024-05-21 00:00:00,1818,Completed,2024-05-28 00:00:00
1490,242,344,2024-03-11 00:00:00,557,Completed,2024-03-19 00:00:00
1491,299,327,2024-11-09 00:00:00,2877,Completed,2024-11-11 00:00:00
1492,288,328,2024-01-01 00:00:00,1283,Completed,2024-01-10 00:00:00
1493,216,326,2024-02-05 00:00:00,1380,Completed,2024-02-14 00:00:00
1494,238,327,2024-02-28 00:00:00,2121,Ongoing,2024-03-05 00:00:00
1495,277,332,2024-03-25 00:00:00,380,Booked,2024-04-03 00:00:00
1496,255,324,2024-04-22 00:00:00,768,Completed,2024-05-01 00:00:00
1497,205,315,2024-01-26 00:00:00,2878,Ongoing,2024-02-01 00:00:00
1498,204,301,2024-04-28 00:00:00,844,Ongoing,2024-05-02 00:00:00
1499,235,347,2024-02-11 00:00:00,997,Completed,2024-02-15 00:00:00
1500,278,341,2024-01-24 00:00:00,2658,Completed,2024-01-27 00:00:00
1501,294,304,2024-05-28 00:00:00,1210,Completed,2024-06-03 00:00:00
1502,250,305,2024-01-05 00:00:00,1905,Completed,2024-01-14 00:00:00
1503,225,329,2024-06-08 00:00:00,1713,Booked,2024-06-13 00:00:00
1504,250,321,2024-09-01 00:00:00,718,Booked,2024-09-09 00:00:00
1505,265,316,2024-02-12 00:00:00,1394,Booked,2024-02-18 00:00:00
1506,288,309,2024-10-05 00:00:00,1142,Ongoing,2024-10-14 00:00:00
1507,261,326,2024-11-11 00:00:00,516,Booked,2024-11-13 00:00:00
1508,257,314,2024-08-02 00:00:00,709,Completed,2024-08-06 00:00:00
1509,217,306,2024-10-12 00:00:00,2693,Ongoing,2024-10-19 00:00:00
1510,292,317,2024-08-11 00:00:00,2467,Ongoing,2024-08-17 00:00:00
1511,232,305,2024-04-16 00:00:00,343,Completed,2024-04-24 00:00:00
1512,235,346,2024-07-14 00:00:00,1363,Completed,2024-07-17 00:00:00
1513,271,334,2024-02-17 00:00:00,1552,Completed,2024-02-25 00:00:00
1514,278,312,2024-04-15 00:00:00,2659,Completed,2024-04-17 00:00:00
1515,212,348,2024-07-22 00:00:00,739,Ongoing,2024-07-26 00:00:00
1516,292,343,2024-08-06 00:00:00,2038,Completed,2024-08-11 00:00:00
1517,231,341,2024-03-15 00:00:00,1169,Completed,2024-03-19 00:00:00
1518,218,349,2024-09-20 00:00:00,1658,Ongoing,2024-09-25 00:00:00
1519,202,332,2024-11-23 00:00:00,1283,Completed,2024-12-02 00:00:00
1520,257,340,2024-06-25 00:00:00,602,Completed,2024-07-03 00:00:00
1521,296,314,2024-01-18 00:00:00,2983,Ongoing,2024-01-22 00:00:00
1522,203,316,2024-12-10 00:00:00,1759,Completed,2024-12-17 00:00:00
1523,228,316,2024-04-29 00:00:00,772,Ongoing,2024-05-07 00:00:00
1524,218,337,2024-01-07 00:00:00,2647,Booked,2024-01-14 00:00:00
1525,291,309,2024-09-10 00:00:00,932,Completed,2024-09-13 00:00:00
1526,266,325,2024-09-26 00:00:00,1397,Ongoing,2024-09-30 00:00:00
1527,299,332,2024-08-11 00:00:00,2677,Completed,2024-08-17 00:00:00
1528,244,349,2024-09-01 00:00:00,2690,Completed,2024-09-06 00:00:00
1529,261,307,2024-07-31 00:00:00,2545,Completed,2024-08-05 00:00:00
1530,238,313,2024-10-10 00:00:00,1962,Completed,2024-10-13 00:00:00
1531,231,321,2024-05-08 00:00:00,1816,Completed,2024-05-12 00:00:00
1532,207,309,2024-11-13 00:00:00,2197,Ongoing,2024-11-17 00:00:00
1533,244,348,2024-08-04 00:00:00,1399,Ongoing,2024-08-10 00:00:00
1534,256,321,2024-08-06 00:00:00,330,Completed,2024-08-15 00:00:00
1535,300,334,2024-01-14 00:00:00,2476,Ongoing,2024-01-17 00:00:00
1536,265,311,2024-05-22 00:00:00,1231,Ongoing,2024-05-28 00:00:00
1537,265,318,2024-04-18 00:00:00,395,Completed,2024-04-21 00:00:00
1538,240,331,2024-08-17 00:00:00,1941,Completed,2024-08-22 00:00:00
1539,255,305,2024-02-07 00:00:00,2096,Completed,2024-02-13 00:00:00
1540,278,319,2024-11-25 00:00:00,428,Ongoing,2024-11-30 00:00:00
1541,253,335,2024-11-10 00:00:00,1771,Completed,2024-11-13 00:00:00
1542,282,349,2024-05-06 00:00:00,1061,Completed,2024-05-10 00:00:00
1543,299,340,2024-06-26 00:00:00,1762,Ongoing,2024-07-04 00:00:00
1544,299,345,2024-07-21 00:00:00,2315,Booked,2024-07-26 00:00:00
1545,271,349,2024-12-10 00:00:00,2208,Completed,2024-12-16 00:00:00
1546,299,349,2024-02-24 00:00:00,2227,Ongoing,2024-03-01 00:00:00
1547,288,310,2024-03-18 00:00:00,1096,Booked,2024-03-24 00:00:00
1548,244,329,2024-04-25 00:00:00,1826,Booked,2024-04-28 00:00:00
1549,252,307,2024-08-05 00:00:00,1567,Completed,2024-08-08 00:00:00
1550,261,311,2024-02-02 00:00:00,2789,Completed,2024-02-11 00:00:00
1551,217,335,2024-02-14 00:00:00,2233,Completed,2024-02-20 00:00:00
1552,256,344,2024-02-03 00:00:00,1598,Ongoing,2024-02-07 00:00:00
1553,291,339,2024-05-16 00:00:00,1124,Completed,2024-05-20 00:00:00
1554,277,333,2024-03-23 00:00:00,2905,Booked,2024-03-31 00:00:00
1555,212,309,2024-04-20 00:00:00,2199,Completed,2024-04-29 00:00:00
1556,261,346,2024-01-19 00:00:00,608,Ongoing,2024-01-28 00:00:00
1557,203,318,2024-09-16 00:00:00,302,Completed,2024-09-22 00:00:00
1558,274,343,2024-12-03 00:00:00,2442,Completed,2024-12-11 00:00:00
1559,215,342,2024-02-09 00:00:00,2267,Completed,2024-02-12 00:00:00
1560,232,336,2024-02-05 00:00:00,2699,Completed,2024-02-11 00:00:00
1561,288,326,2024-09-18 00:00:00,930,Completed,2024-09-24 00:00:00
1562,212,308,2024-04-11 00:00:00,1859,Booked,2024-04-19 00:00:00
1563,226,306,2024-07-17 00:00:00,978,Ongoing,2024-07-26 00:00:00
1564,233,327,2024-09-23 00:00:00,1718,Completed,2024-09-30 00:00:00
1565,237,319,2024-06-05 00:00:00,524,Completed,2024-06-12 00:00:00
1566,237,337,2024-11-23 00:00:00,2541,Booked,2024-11-26 00:00:00
1567,226,322,2024-07-19 00:00:00,2660,Completed,2024-07-23 00:00:00
1568,230,318,2024-06-26 00:00:00,981,Completed,2024-06-28 00:00:00
1569,227,338,2024-01-25 00:00:00,460,Ongoing,2024-02-02 00:00:00
1570,214,323,2024-01-26 00:00:00,1778,Ongoing,2024-02-04 00:00:00
1571,266,344,2024-02-10 00:00:00,452,Completed,2024-02-12 00:00:00
1572,280,320,2024-02-26 00:00:00,1562,Completed,2024-03-03 00:00:00
1573,286,319,2024-07-21 00:00:00,1960,Completed,2024-07-26 00:00:00
1574,299,302,2024-10-22 00:00:00,617,Booked,2024-10-29 00:00:00
1575,242,334,2024-03-23 00:00:00,1582,Ongoing,2024-03-26 00:00:00
1576,231,328,2024-02-27 00:00:00,675,Booked,2024-03-05 00:00:00
1577,216,302,2024-10-25 00:00:00,2562,Ongoing,2024-11-03 00:00:00
1578,231,313,2024-05-17 00:00:00,1463,Ongoing,2024-05-19 00:00:00
1579,261,306,2024-01-29 00:00:00,2883,Ongoing,2024-02-05 00:00:00
1580,299,333,2024-08-15 00:00:00,2710,Completed,2024-08-17 00:00:00
1581,217,338,2024-05-04 00:00:00,1612,Ongoing,2024-05-08 00:00:00
1582,202,347,2024-04-26 00:00:00,2914,Completed,2024-05-01 00:00:00
1583,235,309,2024-06-24 00:00:00,947,Completed,2024-07-02 00:00:00
1584,215,311,2024-03-29 00:00:00,771,Completed,2024-04-05 00:00:00
1585,262,308,2024-11-28 00:00:00,2960,Completed,2024-12-02 00:00:00
1586,270,350,2024-02-22 00:00:00,2339,Ongoing,2024-02-28 00:00:00
1587,278,349,2024-10-04 00:00:00,683,Completed,2024-10-06 00:00:00
1588,213,308,2024-05-13 00:00:00,1052,Completed,2024-05-18 00:00:00
1589,256,327,2024-03-15 00:00:00,994,Ongoing,2024-03-17 00:00:00
1590,250,331,2024-11-27 00:00:00,2794,Completed,2024-12-05 00:00:00
1591,270,322,2024-08-21 00:00:00,2291,Completed,2024-08-28 00:00:00
1592,261,302,2024-05-13 00:00:00,1140,Completed,2024-05-21 00:00:00
1593,218,332,2024-06-23 00:00:00,1892,Completed,2024-06-25 00:00:00
1594,230,317,2024-08-31 00:00:00,2120,Ongoing,2024-09-04 00:00:00
1595,229,333,2024-10-15 00:00:00,2157,Ongoing,2024-10-18 00:00:00
1596,268,314,2024-12-10 00:00:00,927,Completed,2024-12-19 00:00:00
1597,292,325,2024-10-26 00:00:00,1955,Booked,2024-10-31 00:00:00
1598,211,346,2024-04-02 00:00:00,2346,Completed,2024-04-08 00:00:00
1599,245,316,2024-10-15 00:00:00,1163,Completed,2024-10-22 00:00:00
1600,239,325,2024-04-27 00:00:00,767,Completed,2024-04-29 00:00:00
1601,245,307,2024-10-22 00:00:00,558,Ongoing,2024-10-29 00:00:00
1602,291,337,2024-12-08 00:00:00,969,Ongoing,2024-12-13 00:00:00
1603,234,335,2024-09-10 00:00:00,2806,Completed,2024-09-14 00:00:00
1604,268,340,2024-01-27 00:00:00,1606,Booked,2024-02-03 00:00:00
1605,267,318,2024-12-12 00:00:00,1548,Ongoing,2024-12-18 00:00:00
1606,255,306,2024-02-22 00:00:00,771,Booked,2024-02-28 00:00:00
1607,279,305,2024-12-05 00:00:00,1191,Completed,2024-12-07 00:00:00
1608,247,304,2024-05-02 00:00:00,891,Completed,2024-05-09 00:00:00
1609,242,336,2024-03-21 00:00:00,1406,Completed,2024-03-23 00:00:00
1610,235,341,2024-06-06 00:00:00,2926,Completed,2024-06-10 00:00:00
1611,224,320,2024-07-27 00:00:00,2618,Completed,2024-08-03 00:00:00
1612,214,301,2024-04-08 00:00:00,2068,Completed,2024-04-12 00:00:00
1613,280,348,2024-11-29 00:00:00,684,Completed,2024-12-02 00:00:00
1614,235,309,2024-01-22 00:00:00,2088,Completed,2024-01-25 00:00:00
1615,243,346,2024-07-14 00:00:00,1561,Completed,2024-07-17 00:00:00
1616,265,303,2024-06-26 00:00:00,594,Completed,2024-06-30 00:00:00
1617,296,324,2024-06-03 00:00:00,2397,Completed,2024-06-09 00:00:00
1618,272,343,2024-01-31 00:00:00,980,Completed,2024-02-03 00:00:00
1619,250,347,2024-07-23 00:00:00,2131,Completed,2024-07-26 00:00:00
1620,262,306,2024-10-07 00:00:00,454,Completed,2024-10-10 00:00:00
1621,219,323,2024-08-27 00:00:00,2694,Ongoing,2024-09-02 00:00:00
1622,283,344,2024-10-08 00:00:00,1836,Completed,2024-10-16 00:00:00
1623,206,333,2024-10-21 00:00:00,927,Completed,2024-10-23 00:00:00
1624,204,334,2024-10-25 00:00:00,2885,Ongoing,2024-10-29 00:00:00
1625,300,308,2024-02-01 00:00:00,2447,Ongoing,2024-02-06 00:00:00
1626,266,316,2024-10-19 00:00:00,1663,Completed,2024-10-25 00:00:00
1627,296,322,2024-11-14 00:00:00,2414,Ongoing,2024-11-19 00:00:00
1628,249,302,2024-01-23 00:00:00,371,Completed,2024-01-31 00:00:00
1629,236,311,2024-05-22 00:00:00,2914,Completed,2024-05-28 00:00:00
1630,202,336,2024-07-18 00:00:00,331,Ongoing,2024-07-20 00:00:00
1631,252,327,2024-06-15 00:00:00,2831,Completed,2024-06-17 00:00:00
1632,268,332,2024-02-08 00:00:00,573,Completed,2024-02-16 00:00:00
1633,237,308,2024-07-11 00:00:00,1146,Completed,2024-07-13 00:00:00
1634,233,329,2024-10-03 00:00:00,2052,Completed,2024-10-10 00:00:00
1635,289,332,2024-02-02 00:00:00,1588,Completed,2024-02-08 00:00:00
1636,266,343,2024-10-22 00:00:00,1616,Completed,2024-10-25 00:00:00
1637,290,341,2024-02-05 00:00:00,1688,Completed,2024-02-12 00:00:00
1638,241,347,2024-09-15 00:00:00,1083,Completed,2024-09-18 00:00:00
1639,296,306,2024-11-23 00:00:00,552,Completed,2024-11-29 00:00:00
1640,209,303,2024-02-27 00:00:00,785,Completed,2024-03-05 00:00:00
1641,274,324,2024-11-13 00:00:00,1155,Completed,2024-11-18 00:00:00
1642,222,336,2024-05-05 00:00:00,2911,Completed,2024-05-14 00:00:00
1643,247,338,2024-12-09 00:00:00,2325,Ongoing,2024-12-11 00:00:00
1644,274,338,2024-07-21 00:00:00,2589,Ongoing,2024-07-23 00:00:00
1645,250,349,2024-10-29 00:00:00,2833,Completed,2024-11-04 00:00:00
1646,279,350,2024-05-29 00:00:00,2448,Ongoing,2024-06-06 00:00:00
1647,225,311,2024-04-02 00:00:00,1590,Completed,2024-04-05 00:00:00
1648,265,327,2024-05-25 00:00:00,1992,Completed,2024-06-03 00:00:00
1649,253,310,2024-07-01 00:00:00,631,Booked,2024-07-06 00:00:00
1650,233,332,2024-11-21 00:00:00,2831,Completed,2024-11-30 00:00:00
1651,238,330,2024-05-12 00:00:00,1332,Completed,2024-05-21 00:00:00
1652,263,317,2024-12-12 00:00:00,2878,Completed,2024-12-15 00:00:00
1653,263,320,2024-05-25 00:00:00,1545,Ongoing,2024-05-29 00:00:00
1654,236,312,2024-01-26 00:00:00,1325,Completed,2024-02-02 00:00:00
1655,278,316,2024-10-31 00:00:00,2284,Completed,2024-11-04 00:00:00
1656,296,310,2024-05-11 00:00:00,890,Completed,2024-05-20 00:00:00
1657,209,331,2024-07-28 00:00:00,483,Completed,2024-08-04 00:00:00
1658,227,308,2024-03-31 00:00:00,2475,Completed,2024-04-06 00:00:00
1659,295,325,2024-11-29 00:00:00,1210,Ongoing,2024-12-08 00:00:00
1660,233,339,2024-11-11 00:00:00,1104,Booked,2024-11-14 00:00:00
1661,266,305,2024-11-10 00:00:00,1577,Ongoing,2024-11-18 00:00:00
1662,267,341,2024-09-16 00:00:00,1435,Ongoing,2024-09-23 00:00:00
1663,259,334,2024-08-12 00:00:00,2174,Completed,2024-08-17 00:00:00
1664,264,322,2024-10-26 00:00:00,2115,Ongoing,2024-10-28 00:00:00
1665,244,311,2024-05-10 00:00:00,319,Ongoing,2024-05-14 00:00:00
1666,298,322,2024-07-13 00:00:00,1963,Ongoing,2024-07-17 00:00:00
1667,289,328,2024-01-28 00:00:00,2397,Completed,2024-02-04 00:00:00
1668,267,325,2024-12-15 00:00:00,2575,Ongoing,2024-12-23 00:00:00
1669,270,313,2024-04-14 00:00:00,566,Completed,2024-04-21 00:00:00
1670,287,303,2024-09-03 00:00:00,1080,Completed,2024-09-08 00:00:00
1671,201,309,2024-11-17 00:00:00,2295,Completed,2024-11-19 00:00:00
1672,207,332,2024-01-16 00:00:00,2206,Completed,2024-01-18 00:00:00
1673,201,349,2024-11-21 00:00:00,1546,Completed,2024-11-26 00:00:00
1674,209,333,2024-08-14 00:00:00,1472,Completed,2024-08-23 00:00:00
1675,234,331,2024-08-07 00:00:00,846,Completed,2024-08-10 00:00:00
1676,218,334,2024-05-17 00:00:00,1573,Completed,2024-05-22 00:00:00
1677,264,313,2024-05-08 00:00:00,1419,Completed,2024-05-13 00:00:00
1678,290,332,2024-08-15 00:00:00,2046,Booked,2024-08-23 00:00:00
1679,268,313,2024-10-29 00:00:00,317,Completed,2024-11-02 00:00:00
1680,298,342,2024-11-16 00:00:00,1622,Completed,2024-11-20 00:00:00
1681,244,343,2024-01-08 00:00:00,1556,Completed,2024-01-15 00:00:00
1682,234,305,2024-07-12 00:00:00,1419,Completed,2024-07-21 00:00:00
1683,291,337,2024-02-02 00:00:00,2025,Completed,2024-02-09 00:00:00
1684,271,319,2024-02-18 00:00:00,755,Ongoing,2024-02-22 00:00:00
1685,268,302,2024-11-12 00:00:00,825,Booked,2024-11-17 00:00:00
1686,298,329,2024-07-08 00:00:00,2480,Completed,2024-07-11 00:00:00
1687,291,316,2024-04-19 00:00:00,987,Booked,2024-04-28 00:00:00
1688,252,350,2024-02-06 00:00:00,1785,Completed,2024-02-11 00:00:00
1689,265,323,2024-10-26 00:00:00,2569,Completed,2024-11-02 00:00:00
1690,292,316,2024-04-05 00:00:00,1504,Ongoing,2024-04-13 00:00:00
1691,260,302,2024-04-05 00:00:00,2705,Completed,2024-04-14 00:00:00
1692,222,311,2024-12-06 00:00:00,1674,Booked,2024-12-15 00:00:00
1693,221,341,2024-05-15 00:00:00,601,Completed,2024-05-23 00:00:00
1694,279,334,2024-02-18 00:00:00,1267,Ongoing,2024-02-22 00:00:00
1695,203,334,2024-09-19 00:00:00,1012,Completed,2024-09-25 00:00:00
1696,222,330,2024-10-17 00:00:00,775,Booked,2024-10-22 00:00:00
1697,246,344,2024-03-09 00:00:00,966,Completed,2024-03-11 00:00:00
1698,233,348,2024-02-19 00:00:00,955,Completed,2024-02-26 00:00:00
1699,272,331,2024-11-07 00:00:00,454,Ongoing,2024-11-14 00:00:00
1700,268,333,2024-09-02 00:00:00,1038,Completed,2024-09-08 00:00:00
1701,265,321,2024-07-13 00:00:00,1260,Booked,2024-07-19 00:00:00
1702,287,321,2024-10-14 00:00:00,1763,Ongoing,2024-10-17 00:00:00
1703,245,321,2024-10-04 00:00:00,2634,Completed,2024-10-12 00:00:00
1704,285,314,2024-01-01 00:00:00,1599,Completed,2024-01-03 00:00:00
1705,206,341,2024-03-03 00:00:00,2390,Completed,2024-03-10 00:00:00
1706,278,311,2024-07-07 00:00:00,429,Booked,2024-07-10 00:00:00
1707,281,347,2024-06-08 00:00:00,2971,Completed,2024-06-12 00:00:00
1708,233,315,2024-05-04 00:00:00,453,Completed,2024-05-09 00:00:00
1709,204,331,2024-09-27 00:00:00,1382,Ongoing,2024-10-01 00:00:00
1710,219,325,2024-03-15 00:00:00,2710,Booked,2024-03-22 00:00:00
1711,242,337,2024-04-21 00:00:00,2894,Completed,2024-04-26 00:00:00
1712,278,340,2024-05-24 00:00:00,2495,Completed,2024-05-28 00:00:00
1713,237,317,2024-03-04 00:00:00,934,Completed,2024-03-11 00:00:00
1714,209,304,2024-05-16 00:00:00,1311,Completed,2024-05-20 00:00:00
1715,266,318,2024-06-11 00:00:00,2869,Completed,2024-06-15 00:00:00
1716,274,348,2024-12-02 00:00:00,1355,Completed,2024-12-10 00:00:00
1717,221,322,2024-06-09 00:00:00,1491,Completed,2024-06-15 00:00:00
1718,205,328,2024-05-11 00:00:00,1551,Ongoing,2024-05-14 00:00:00
1719,292,317,2024-10-07 00:00:00,1013,Completed,2024-10-13 00:00:00
1720,211,306,2024-09-05 00:00:00,858,Ongoing,2024-09-07 00:00:00
1721,226,340,2024-01-16 00:00:00,2007,Completed,2024-01-25 00:00:00
1722,220,301,2024-05-23 00:00:00,2772,Completed,2024-05-25 00:00:00
1723,205,342,2024-10-21 00:00:00,2573,Completed,2024-10-25 00:00:00
1724,239,312,2024-09-04 00:00:00,933,Completed,2024-09-11 00:00:00
1725,233,331,2024-06-26 00:00:00,540,Completed,2024-06-28 00:00:00
1726,273,343,2024-09-05 00:00:00,2457,Ongoing,2024-09-13 00:00:00
1727,278,301,2024-01-16 00:00:00,2783,Booked,2024-01-18 00:00:00
1728,296,302,2024-05-11 00:00:00,1030,Completed,2024-05-20 00:00:00
1729,282,315,2024-11-05 00:00:00,564,Ongoing,2024-11-13 00:00:00
1730,261,303,2024-03-15 00:00:00,2024,Completed,2024-03-23 00:00:00
1731,282,303,2024-06-05 00:00:00,863,Completed,2024-06-13 00:00:00
1732,201,332,2024-09-08 00:00:00,2515,Ongoing,2024-09-13 00:00:00
1733,258,323,2024-10-21 00:00:00,1253,Completed,2024-10-24 00:00:00
1734,227,317,2024-01-12 00:00:00,1581,Completed,2024-01-16 00:00:00
1735,265,319,2024-03-30 00:00:00,1575,Completed,2024-04-02 00:00:00
1736,270,342,2024-01-09 00:00:00,1758,Booked,2024-01-18 00:00:00
1737,274,310,2024-02-03 00:00:00,1460,Completed,2024-02-12 00:00:00
1738,230,348,2024-12-15 00:00:00,2765,Completed,2024-12-24 00:00:00
1739,203,315,2024-02-03 00:00:00,2282,Completed,2024-02-06 00:00:00
1740,299,335,2024-06-22 00:00:00,2868,Completed,2024-06-24 00:00:00
1741,295,349,2024-03-06 00:00:00,1945,Completed,2024-03-09 00:00:00
1742,246,320,2024-10-16 00:00:00,764,Completed,2024-10-19 00:00:00
1743,299,332,2024-06-09 00:00:00,582,Completed,2024-06-13 00:00:00
1744,230,337,2024-10-26 00:00:00,2746,Completed,2024-10-31 00:00:00
1745,280,350,2024-07-07 00:00:00,665,Booked,2024-07-11 00:00:00
1746,286,321,2024-01-18 00:00:00,1565,Completed,2024-01-22 00:00:00
1747,205,320,2024-04-28 00:00:00,946,Completed,2024-05-02 00:00:00
1748,229,315,2024-11-15 00:00:00,1327,Completed,2024-11-17 00:00:00
1749,275,346,2024-12-20 00:00:00,1925,Completed,2024-12-25 00:00:00
1750,278,345,2024-06-14 00:00:00,2585,Ongoing,2024-06-23 00:00:00
1751,216,324,2024-11-30 00:00:00,2262,Completed,2024-12-05 00:00:00
1752,258,345,2024-03-05 00:00:00,356,Completed,2024-03-10 00:00:00
1753,259,350,2024-09-30 00:00:00,677,Completed,2024-10-06 00:00:00
1754,298,329,2024-06-22 00:00:00,1268,Completed,2024-07-01 00:00:00
1755,234,345,2024-11-10 00:00:00,969,Ongoing,2024-11-14 00:00:00
1756,234,321,2024-10-31 00:00:00,1789,Completed,2024-11-08 00:00:00
1757,296,326,2024-09-20 00:00:00,2743,Completed,2024-09-24 00:00:00
1758,221,334,2024-09-29 00:00:00,2239,Ongoing,2024-10-03 00:00:00
1759,217,317,2024-02-15 00:00:00,2907,Ongoing,2024-02-23 00:00:00
1760,212,335,2024-09-07 00:00:00,2153,Completed,2024-09-12 00:00:00
1761,250,325,2024-02-06 00:00:00,697,Completed,2024-02-15 00:00:00
1762,285,329,2024-07-06 00:00:00,423,Booked,2024-07-13 00:00:00
1763,277,328,2024-07-20 00:00:00,2488,Ongoing,2024-07-23 00:00:00
1764,221,309,2024-06-01 00:00:00,1665,Ongoing,2024-06-08 00:00:00
1765,221,307,2024-09-21 00:00:00,747,Completed,2024-09-23 00:00:00
1766,217,334,2024-03-29 00:00:00,2856,Completed,2024-04-02 00:00:00
1767,254,301,2024-02-11 00:00:00,1598,Completed,2024-02-18 00:00:00
1768,281,345,2024-07-16 00:00:00,2446,Completed,2024-07-21 00:00:00
1769,257,311,2024-11-22 00:00:00,2367,Ongoing,2024-11-28 00:00:00
1770,213,334,2024-06-05 00:00:00,749,Completed,2024-06-11 00:00:00
1771,287,305,2024-04-19 00:00:00,2226,Completed,2024-04-23 00:00:00
1772,203,336,2024-02-13 00:00:00,913,Completed,2024-02-20 00:00:00
1773,250,348,2024-01-18 00:00:00,1954,Booked,2024-01-22 00:00:00
1774,275,315,2024-09-10 00:00:00,1562,Completed,2024-09-17 00:00:00
1775,226,323,2024-07-07 00:00:00,2859,Completed,2024-07-09 00:00:00
1776,231,321,2024-05-01 00:00:00,1989,Completed,2024-05-08 00:00:00
1777,248,329,2024-10-25 00:00:00,2278,Booked,2024-11-03 00:00:00
1778,224,340,2024-07-12 00:00:00,343,Completed,2024-07-16 00:00:00
1779,258,341,2024-11-19 00:00:00,2243,Ongoing,2024-11-22 00:00:00
1780,260,321,2024-07-12 00:00:00,2169,Completed,2024-07-19 00:00:00
1781,270,306,2024-03-05 00:00:00,1335,Completed,2024-03-12 00:00:00
1782,246,335,2024-10-18 00:00:00,1610,Ongoing,2024-10-20 00:00:00
1783,260,336,2024-08-24 00:00:00,2291,Booked,2024-08-29 00:00:00
1784,265,331,2024-09-25 00:00:00,342,Completed,2024-09-30 00:00:00
1785,247,321,2024-08-29 00:00:00,1717,Booked,2024-09-02 00:00:00
1786,235,320,2024-02-10 00:00:00,460,Completed,2024-02-18 00:00:00
1787,256,302,2024-01-05 00:00:00,2805,Completed,2024-01-08 00:00:00
1788,297,348,2024-11-09 00:00:00,492,Completed,2024-11-13 00:00:00
1789,275,334,2024-01-15 00:00:00,1636,Ongoing,2024-01-20 00:00:00
1790,203,318,2024-10-28 00:00:00,1377,Completed,2024-11-01 00:00:00
1791,244,344,2024-09-11 00:00:00,367,Ongoing,2024-09-17 00:00:00
1792,269,303,2024-06-10 00:00:00,1231,Ongoing,2024-06-13 00:00:00
1793,214,304,2024-04-15 00:00:00,1700,Completed,2024-04-21 00:00:00
1794,237,319,2024-03-04 00:00:00,1550,Completed,2024-03-09 00:00:00
1795,224,345,2024-06-07 00:00:00,2807,Completed,2024-06-11 00:00:00
1796,201,307,2024-09-04 00:00:00,529,Completed,2024-09-12 00:00:00
1797,267,313,2024-09-02 00:00:00,474,Completed,2024-09-06 00:00:00
1798,229,312,2024-11-17 00:00:00,1358,Ongoing,2024-11-19 00:00:00
1799,227,308,2024-01-12 00:00:00,1098,Completed,2024-01-21 00:00:00
1800,218,336,2024-01-29 00:00:00,1891,Ongoing,2024-02-07 00:00:00
1801,216,343,2024-05-07 00:00:00,1459,Booked,2024-05-14 00:00:00
1802,281,345,2024-10-06 00:00:00,2626,Booked,2024-10-11 00:00:00
1803,220,344,2024-05-26 00:00:00,833,Completed,2024-05-31 00:00:00
1804,208,310,2024-07-05 00:00:00,2601,Completed,2024-07-12 00:00:00
1805,242,342,2024-06-14 00:00:00,513,Ongoing,2024-06-21 00:00:00
1806,284,326,2024-02-29 00:00:00,1104,Ongoing,2024-03-04 00:00:00
1807,262,336,2024-06-21 00:00:00,675,Completed,2024-06-28 00:00:00
1808,205,324,2024-03-05 00:00:00,957,Completed,2024-03-12 00:00:00
1809,275,317,2024-09-30 00:00:00,2195,Completed,2024-10-09 00:00:00
1810,255,346,2024-04-08 00:00:00,743,Completed,2024-04-12 00:00:00
1811,274,335,2024-11-14 00:00:00,1250,Completed,2024-11-21 00:00:00
1812,218,302,2024-08-11 00:00:00,2587,Completed,2024-08-20 00:00:00
1813,275,332,2024-12-19 00:00:00,871,Completed,2024-12-26 00:00:00
1814,209,335,2024-05-28 00:00:00,2267,Completed,2024-06-01 00:00:00
1815,295,338,2024-04-06 00:00:00,773,Completed,2024-04-12 00:00:00
1816,243,327,2024-01-21 00:00:00,2464,Completed,2024-01-30 00:00:00
1817,263,330,2024-02-28 00:00:00,2494,Ongoing,2024-03-01 00:00:00
1818,297,344,2024-05-29 00:00:00,963,Completed,2024-06-02 00:00:00
1819,250,317,2024-02-20 00:00:00,2800,Ongoing,2024-02-24 00:00:00
1820,291,327,2024-02-08 00:00:00,1360,Ongoing,2024-02-16 00:00:00
1821,270,336,2024-03-07 00:00:00,2793,Completed,2024-03-16 00:00:00
1822,271,306,2024-05-22 00:00:00,2922,Ongoing,2024-05-24 00:00:00
1823,274,347,2024-07-07 00:00:00,1802,Completed,2024-07-15 00:00:00
1824,219,335,2024-11-22 00:00:00,2233,Completed,2024-11-24 00:00:00
1825,245,343,2024-11-12 00:00:00,545,Completed,2024-11-17 00:00:00
1826,289,346,2024-02-02 00:00:00,1506,Ongoing,2024-02-07 00:00:00
1827,222,329,2024-11-10 00:00:00,678,Ongoing,2024-11-16 00:00:00
1828,256,312,2024-11-07 00:00:00,2173,Completed,2024-11-14 00:00:00
1829,285,335,2024-03-20 00:00:00,2584,Ongoing,2024-03-27 00:00:00
1830,283,313,2024-05-16 00:00:00,1375,Booked,2024-05-20 00:00:00
1831,256,327,2024-04-12 00:00:00,1647,Completed,2024-04-18 00:00:00
1832,213,333,2024-11-13 00:00:00,2156,Completed,2024-11-22 00:00:00
1833,287,320,2024-02-29 00:00:00,2993,Ongoing,2024-03-07 00:00:00
1834,241,304,2024-10-04 00:00:00,2823,Completed,2024-10-10 00:00:00
1835,217,347,2024-12-17 00:00:00,1434,Completed,2024-12-25 00:00:00
1836,262,308,2024-08-13 00:00:00,976,Ongoing,2024-08-15 00:00:00
1837,273,341,2024-11-15 00:00:00,2921,Completed,2024-11-17 00:00:00
1838,270,341,2024-06-02 00:00:00,1200,Completed,2024-06-10 00:00:00
1839,225,321,2024-08-14 00:00:00,2316,Completed,2024-08-17 00:00:00
1840,202,350,2024-08-29 00:00:00,1931,Completed,2024-08-31 00:00:00
1841,202,311,2024-07-09 00:00:00,852,Completed,2024-07-11 00:00:00
1842,256,302,2024-07-13 00:00:00,2787,Ongoing,2024-07-19 00:00:00
1843,285,308,2024-02-04 00:00:00,1129,Completed,2024-02-11 00:00:00
1844,292,350,2024-07-21 00:00:00,2945,Completed,2024-07-29 00:00:00
1845,242,341,2024-02-03 00:00:00,2404,Completed,2024-02-05 00:00:00
1846,201,346,2024-07-10 00:00:00,2565,Completed,2024-07-19 00:00:00
1847,287,329,2024-03-15 00:00:00,2507,Ongoing,2024-03-18 00:00:00
1848,277,340,2024-07-22 00:00:00,1297,Ongoing,2024-07-25 00:00:00
1849,278,349,2024-05-05 00:00:00,656,Completed,2024-05-07 00:00:00
1850,218,341,2024-06-22 00:00:00,553,Booked,2024-06-28 00:00:00
1851,244,340,2024-01-01 00:00:00,1622,Completed,2024-01-10 00:00:00
1852,297,326,2024-01-10 00:00:00,825,Ongoing,2024-01-14 00:00:00
1853,204,309,2024-02-28 00:00:00,2650,Completed,2024-03-05 00:00:00
1854,241,337,2024-03-11 00:00:00,2794,Booked,2024-03-19 00:00:00
1855,249,350,2024-02-26 00:00:00,1965,Ongoing,2024-02-29 00:00:00
1856,293,308,2024-04-12 00:00:00,2381,Completed,2024-04-19 00:00:00
1857,276,315,2024-12-06 00:00:00,1783,Ongoing,2024-12-14 00:00:00
1858,293,308,2024-07-14 00:00:00,1710,Completed,2024-07-20 00:00:00
1859,269,329,2024-05-09 00:00:00,2789,Completed,2024-05-11 00:00:00
1860,299,341,2024-02-15 00:00:00,2310,Completed,2024-02-24 00:00:00
1861,230,309,2024-08-30 00:00:00,511,Completed,2024-09-04 00:00:00
1862,246,322,2024-06-07 00:00:00,1033,Ongoing,2024-06-09 00:00:00
1863,240,315,2024-12-13 00:00:00,2681,Completed,2024-12-18 00:00:00
1864,251,346,2024-01-25 00:00:00,2772,Completed,2024-01-27 00:00:00
1865,285,320,2024-03-24 00:00:00,744,Completed,2024-03-29 00:00:00
1866,223,302,2024-01-25 00:00:00,2707,Completed,2024-02-02 00:00:00
1867,250,340,2024-05-11 00:00:00,813,Completed,2024-05-20 00:00:00
1868,249,304,2024-04-13 00:00:00,2716,Completed,2024-04-18 00:00:00
1869,208,317,2024-11-05 00:00:00,808,Completed,2024-11-11 00:00:00
1870,227,334,2024-05-16 00:00:00,1269,Completed,2024-05-23 00:00:00
1871,291,327,2024-08-27 00:00:00,1438,Completed,2024-08-31 00:00:00
1872,266,316,2024-01-09 00:00:00,2210,Completed,2024-01-14 00:00:00
1873,269,343,2024-10-17 00:00:00,2664,Ongoing,2024-10-26 00:00:00
1874,256,334,2024-02-21 00:00:00,2369,Completed,2024-02-25 00:00:00
1875,275,307,2024-07-25 00:00:00,2636,Ongoing,2024-07-31 00:00:00
1876,298,343,2024-01-21 00:00:00,2637,Completed,2024-01-23 00:00:00
1877,229,324,2024-07-17 00:00:00,484,Completed,2024-07-24 00:00:00
1878,253,305,2024-12-03 00:00:00,2733,Completed,2024-12-07 00:00:00
1879,207,304,2024-01-26 00:00:00,2295,Completed,2024-02-03 00:00:00
1880,277,321,2024-12-13 00:00:00,1272,Ongoing,2024-12-19 00:00:00
1881,244,313,2024-04-14 00:00:00,2772,Completed,2024-04-21 00:00:00
1882,257,312,2024-04-19 00:00:00,811,Completed,2024-04-25 00:00:00
1883,206,341,2024-02-12 00:00:00,2928,Completed,2024-02-21 00:00:00
1884,201,344,2024-05-08 00:00:00,1011,Completed,2024-05-12 00:00:00
1885,270,317,2024-06-11 00:00:00,2634,Ongoing,2024-06-15 00:00:00
1886,203,309,2024-06-09 00:00:00,1180,Completed,2024-06-16 00:00:00
1887,232,346,2024-08-23 00:00:00,2270,Completed,2024-08-25 00:00:00
1888,257,328,2024-09-04 00:00:00,971,Completed,2024-09-11 00:00:00
1889,225,347,2024-07-27 00:00:00,905,Ongoing,2024-08-03 00:00:00
1890,262,317,2024-02-03 00:00:00,599,Booked,2024-02-12 00:00:00
1891,275,331,2024-11-16 00:00:00,463,Completed,2024-11-20 00:00:00
1892,276,303,2024-09-10 00:00:00,1421,Completed,2024-09-13 00:00:00
1893,262,312,2024-05-10 00:00:00,561,Completed,2024-05-14 00:00:00
1894,253,304,2024-07-10 00:00:00,2915,Completed,2024-07-12 00:00:00
1895,271,327,2024-11-07 00:00:00,2721,Completed,2024-11-10 00:00:00
1896,219,317,2024-01-18 00:00:00,1957,Completed,2024-01-22 00:00:00
1897,222,322,2024-09-12 00:00:00,1132,Ongoing,2024-09-21 00:00:00
1898,205,317,2024-08-16 00:00:00,2607,Ongoing,2024-08-25 00:00:00
1899,247,337,2024-01-06 00:00:00,811,Completed,2024-01-10 00:00:00
1900,228,338,2024-03-04 00:00:00,1711,Ongoing,2024-03-09 00:00:00
1901,206,340,2024-11-24 00:00:00,2378,Completed,2024-12-03 00:00:00
1902,279,348,2024-12-10 00:00:00,888,Completed,2024-12-13 00:00:00
1903,212,320,2024-05-21 00:00:00,1351,Completed,2024-05-24 00:00:00
1904,267,340,2024-10-21 00:00:00,723,Completed,2024-10-26 00:00:00
1905,232,314,2024-04-05 00:00:00,1500,Completed,2024-04-14 00:00:00
1906,212,341,2024-03-22 00:00:00,1233,Ongoing,2024-03-29 00:00:00
1907,263,308,2024-04-04 00:00:00,554,Ongoing,2024-04-12 00:00:00
1908,299,320,2024-06-27 00:00:00,2417,Ongoing,2024-07-02 00:00:00
1909,237,303,2024-08-26 00:00:00,1005,Completed,2024-08-28 00:00:00
1910,274,330,2024-11-19 00:00:00,2851,Ongoing,2024-11-21 00:00:00
1911,246,308,2024-09-25 00:00:00,1864,Booked,2024-09-28 00:00:00
1912,235,312,2024-07-07 00:00:00,2503,Completed,2024-07-10 00:00:00
1913,257,347,2024-12-06 00:00:00,2613,Ongoing,2024-12-08 00:00:00
1914,220,333,2024-02-21 00:00:00,2617,Completed,2024-02-28 00:00:00
1915,211,302,2024-02-08 00:00:00,1251,Booked,2024-02-12 00:00:00
1916,202,331,2024-09-01 00:00:00,335,Ongoing,2024-09-03 00:00:00
1917,258,321,2024-09-30 00:00:00,422,Completed,2024-10-08 00:00:00
1918,218,337,2024-02-26 00:00:00,2338,Completed,2024-02-28 00:00:00
1919,255,317,2024-05-12 00:00:00,2354,Ongoing,2024-05-18 00:00:00
1920,235,320,2024-01-07 00:00:00,1174,Ongoing,2024-01-12 00:00:00
1921,209,345,2024-03-10 00:00:00,2475,Completed,2024-03-18 00:00:00
1922,235,345,2024-03-06 00:00:00,2667,Completed,2024-03-09 00:00:00
1923,227,319,2024-09-06 00:00:00,1652,Booked,2024-09-11 00:00:00
1924,208,317,2024-01-03 00:00:00,2288,Completed,2024-01-06 00:00:00
1925,249,333,2024-05-12 00:00:00,1426,Completed,2024-05-18 00:00:00
1926,260,314,2024-06-30 00:00:00,1995,Completed,2024-07-03 00:00:00
1927,250,338,2024-01-16 00:00:00,2872,Completed,2024-01-18 00:00:00
1928,248,312,2024-02-16 00:00:00,1968,Completed,2024-02-19 00:00:00
1929,217,303,2024-01-06 00:00:00,1602,Completed,2024-01-13 00:00:00
1930,205,317,2024-03-24 00:00:00,2421,Completed,2024-03-31 00:00:00
1931,201,345,2024-08-21 00:00:00,739,Booked,2024-08-30 00:00:00
1932,220,315,2024-03-16 00:00:00,769,Completed,2024-03-25 00:00:00
1933,274,346,2024-11-12 00:00:00,1785,Completed,2024-11-21 00:00:00
1934,278,332,2024-03-27 00:00:00,2253,Completed,2024-04-04 00:00:00
1935,252,326,2024-05-23 00:00:00,2062,Completed,2024-05-25 00:00:00
1936,267,347,2024-09-12 00:00:00,2862,Completed,2024-09-20 00:00:00
1937,274,304,2024-06-03 00:00:00,2149,Completed,2024-06-10 00:00:00
1938,258,341,2024-09-18 00:00:00,564,Completed,2024-09-20 00:00:00
1939,203,317,2024-08-27 00:00:00,516,Completed,2024-09-02 00:00:00
1940,240,335,2024-04-18 00:00:00,2879,Ongoing,2024-04-21 00:00:00
1941,271,325,2024-02-03 00:00:00,958,Ongoing,2024-02-12 00:00:00
1942,247,331,2024-12-16 00:00:00,2581,Completed,2024-12-21 00:00:00
1943,256,324,2024-10-06 00:00:00,822,Completed,2024-10-12 00:00:00
1944,232,350,2024-11-10 00:00:00,1264,Ongoing,2024-11-13 00:00:00
1945,253,333,2024-06-21 00:00:00,2673,Ongoing,2024-06-24 00:00:00
1946,258,307,2024-03-15 00:00:00,2560,Completed,2024-03-17 00:00:00
1947,232,338,2024-03-22 00:00:00,1820,Completed,2024-03-25 00:00:00
1948,251,309,2024-11-15 00:00:00,596,Booked,2024-11-21 00:00:00
1949,222,344,2024-11-28 00:00:00,2744,Completed,2024-12-05 00:00:00
1950,237,305,2024-03-15 00:00:00,2650,Completed,2024-03-21 00:00:00
1951,246,330,2024-06-03 00:00:00,1790,Completed,2024-06-10 00:00:00
1952,277,304,2024-11-11 00:00:00,2913,Ongoing,2024-11-14 00:00:00
1953,264,332,2024-10-11 00:00:00,2368,Ongoing,2024-10-15 00:00:00
1954,251,309,2024-05-28 00:00:00,1717,Completed,2024-05-30 00:00:00
1955,296,347,2024-01-17 00:00:00,2191,Completed,2024-01-22 00:00:00
1956,215,339,2024-05-19 00:00:00,334,Ongoing,2024-05-26 00:00:00
1957,256,342,2024-09-04 00:00:00,387,Completed,2024-09-12 00:00:00
1958,205,319,2024-08-25 00:00:00,1036,Completed,2024-08-30 00:00:00
1959,269,341,2024-06-14 00:00:00,1609,Completed,2024-06-20 00:00:00
1960,271,342,2024-03-02 00:00:00,1077,Completed,2024-03-05 00:00:00
1961,257,304,2024-07-24 00:00:00,2162,Completed,2024-07-27 00:00:00
1962,223,341,2024-07-21 00:00:00,489,Ongoing,2024-07-27 00:00:00
1963,258,317,2024-02-23 00:00:00,1258,Ongoing,2024-03-02 00:00:00
1964,278,348,2024-03-04 00:00:00,955,Completed,2024-03-06 00:00:00
1965,291,331,2024-01-28 00:00:00,310,Completed,2024-02-05 00:00:00
1966,238,334,2024-05-24 00:00:00,2264,Ongoing,2024-05-27 00:00:00
1967,267,339,2024-04-15 00:00:00,2256,Completed,2024-04-19 00:00:00
1968,224,338,2024-06-03 00:00:00,2108,Completed,2024-06-05 00:00:00
1969,279,343,2024-09-07 00:00:00,1029,Completed,2024-09-12 00:00:00
1970,258,309,2024-06-08 00:00:00,841,Completed,2024-06-10 00:00:00
1971,289,339,2024-08-25 00:00:00,1075,Completed,2024-08-29 00:00:00
1972,239,333,2024-09-15 00:00:00,2837,Completed,2024-09-21 00:00:00
1973,273,324,2024-06-06 00:00:00,2416,Completed,2024-06-09 00:00:00
1974,219,302,2024-09-18 00:00:00,1231,Booked,2024-09-22 00:00:00
1975,268,312,2024-05-03 00:00:00,2704,Completed,2024-05-12 00:00:00
1976,262,318,2024-10-02 00:00:00,1707,Ongoing,2024-10-10 00:00:00
1977,240,337,2024-11-05 00:00:00,482,Completed,2024-11-12 00:00:00
1978,278,306,2024-06-30 00:00:00,2732,Completed,2024-07-02 00:00:00
1979,216,323,2024-07-29 00:00:00,2992,Completed,2024-08-03 00:00:00
1980,244,319,2024-05-16 00:00:00,578,Completed,2024-05-20 00:00:00
1981,249,335,2024-07-30 00:00:00,2699,Completed,2024-08-05 00:00:00
1982,224,301,2024-05-16 00:00:00,1514,Completed,2024-05-24 00:00:00
1983,245,304,2024-05-27 00:00:00,2968,Completed,2024-06-01 00:00:00
1984,246,321,2024-07-03 00:00:00,2402,Ongoing,2024-07-07 00:00:00
1985,251,323,2024-10-13 00:00:00,2586,Ongoing,2024-10-19 00:00:00
1986,274,304,2024-06-04 00:00:00,813,Completed,2024-06-06 00:00:00
1987,288,346,2024-10-18 00:00:00,424,Completed,2024-10-20 00:00:00
1988,208,326,2024-04-05 00:00:00,2381,Completed,2024-04-08 00:00:00
1989,207,318,2024-06-20 00:00:00,1869,Completed,2024-06-25 00:00:00
1990,286,345,2024-11-10 00:00:00,1548,Ongoing,2024-11-16 00:00:00
1991,244,309,2024-06-28 00:00:00,2039,Ongoing,2024-07-04 00:00:00
1992,206,328,2024-04-18 00:00:00,2784,Ongoing,2024-04-23 00:00:00
1993,211,316,2024-08-11 00:00:00,756,Ongoing,2024-08-13 00:00:00
1994,221,318,2024-06-30 00:00:00,2488,Completed,2024-07-04 00:00:00
1995,254,311,2024-03-31 00:00:00,1717,Completed,2024-04-05 00:00:00
1996,209,303,2024-08-31 00:00:00,1766,Completed,2024-09-03 00:00:00
1997,237,331,2024-03-19 00:00:00,1157,Completed,2024-03-28 00:00:00
1998,263,329,2024-09-01 00:00:00,2095,Completed,2024-09-03 00:00:00
1999,221,303,2024-02-28 00:00:00,1053,Completed,2024-03-08 00:00:00
2000,204,347,2024-05-10 00:00:00,1229,Completed,2024-05-14 00:00:00
